mean_diff,std_diff,max_diff,min_diff,peak_to_peak,rms_diff,skewness,kurtosis,mean_cm,std_cm,cm_deviation,std_voutp,std_voutn,mean_voutp,mean_voutn,output_asymmetry,mean_asymmetry,fundamental,harmonic2,harmonic3,thd,spectral_energy,high_freq_ratio,fault_id,fault_name
-0.03463439438164897,0.8127772276107355,0.8555816,-0.9307128,1.7862944,0.8135148203916,-0.011580031859616853,-1.9462269483658754,0.9564715489361701,0.36406815249011554,0.056471548936170124,0.770164864111818,0.047785296676444884,0.9391022784574469,0.9737366728390958,0.722379567435373,0.03463439438164895,1630.3718100572878,0.3285854399038694,0.1642927199519347,0.01,2999459.9786590324,0.02,0,healthy
-0.03445252353723407,0.812260029955915,0.855437,-0.9304962,1.7859332,0.8129903644214165,-0.012039857177054516,-1.9452192579161967,0.9565773212433512,0.3638605576141995,0.05657732124335113,0.7696979850186642,0.047734842493052175,0.9392989245678193,0.9737514481050531,0.721963142525612,0.034452523537233826,1629.8392568057557,0.32736836298734545,0.16368418149367273,0.01,2995543.998000092,0.02,0,healthy
-0.034864032446808524,0.8134755124865735,0.8558087000000001,-0.9309776999999999,1.7867864,0.8142222731992447,-0.010932593961564294,-1.947605964021919,0.956303560305851,0.36434696651718007,0.05630356030585093,0.7707930320671786,0.04785705464271992,0.9388194971742021,0.9736835296210107,0.7229359774244587,0.03486403244680858,1631.0848562946426,0.33024673317040065,0.16512336658520033,0.01,3004741.815993076,0.02,0,healthy
-0.03465427431893686,0.812598911972062,0.8556726,-0.9307087999999999,1.7863813999999998,0.8133375132543385,-0.011354679651134937,-1.9456916467876915,0.9563920777408638,0.36397660258397324,0.056392077740863744,0.7699832035667458,0.04778733567957367,0.9390205029568106,0.9736747772757475,0.722195867887172,0.03465427431893686,1631.392529148393,0.3290275789702163,0.16451378948510814,0.01,3002149.490752477,0.02,0,healthy
-0.03466386748670216,0.8129946003641145,0.8557069,-0.9307519,1.7864588000000001,0.8137332510905169,-0.011371384110348574,-1.9466527356404424,0.956397869148936,0.36415287442526373,0.056397869148935964,0.7703574804505445,0.047811732539428095,0.9390138903257979,0.9736777578125,0.7225457479111165,0.03466386748670214,1630.5994221836272,0.3290644707181183,0.16453223535905914,0.01,3001077.244863034,0.02,0,healthy
-0.034623437367021274,0.8128228331904354,0.8556331,-0.9307049999999999,1.7863381,0.8135599182425559,-0.011531175987250232,-1.9463135390679518,0.9564401745013297,0.36408218623934285,0.056440174501329654,0.7702014886149128,0.047794803643283756,0.9390763862699467,0.973699823636968,0.7224066849716291,0.03462343736702134,1630.4237654174033,0.3286524036283931,0.16432620181419655,0.01,2999788.5080548357,0.02,0,healthy
-0.0344681295545213,0.8123601852224956,0.8554924,-0.9305182000000001,1.7860106,0.8130910911390646,-0.011946179931931835,-1.9454112037564306,0.9565412934507979,0.36389754766957677,0.056541293450797836,0.7697851165445034,0.047748211871039094,0.9392551143617021,0.9737232439162234,0.7220369046734644,0.03446812955452139,1629.946450811453,0.3275783772744197,0.16378918863720984,0.01,2996289.8544185567,0.02,0,healthy
-0.03479955691489362,0.8133714212455924,0.8558166000000001,-0.9309092,1.7867258000000001,0.8141155188672844,-0.011023250414852002,-1.9473946655554961,0.9563055745345745,0.36430045262300165,0.05630557453457452,0.7706944459399405,0.04785168301912578,0.938853756050532,0.9736533129654256,0.7228427629208147,0.03479955691489356,1630.983907559803,0.32997044022677013,0.16498522011338507,0.01,3003935.0738753644,0.02,0,healthy
-0.03449091230053192,0.8125387795160468,0.8555971,-0.9305481999999999,1.7861452999999998,0.8132704908262379,-0.011775412830123545,-1.9457561984081906,0.9564820920545213,0.3639661732907443,0.05648209205452126,0.7699436062809323,0.04776951714897524,0.9391845408577127,0.9736754531582448,0.722174089131957,0.03449091230053203,1630.133977984421,0.32798925046740096,0.16399462523370048,0.01,2997616.933231847,0.02,0,healthy
-0.034475454621010614,0.8124423136619751,0.8555449999999999,-0.9305266,1.7860715999999999,0.8131734562808531,-0.011865636939729468,-1.9455710365945125,0.9565165874667553,0.36393078461292216,0.05651658746675525,0.769859699050331,0.04775669485058133,0.9392267365691489,0.9737021911901597,0.7221030041997497,0.03447545462101076,1630.0318895900816,0.3277673999345604,0.1638836999672802,0.01,2996898.1219757576,0.02,0,healthy
-0.03458701333111701,0.8127473403051773,0.8556253,-0.9306627,1.7862879999999999,0.8134829442983463,-0.011596686080463315,-1.9461636657015908,0.956448269481383,0.36404997948868933,0.05644826948138293,0.7701317150401604,0.047789153334290985,0.9391026708111702,0.9736896841422873,0.7223425617058694,0.034587013331117133,1630.3476081938534,0.3284710006460913,0.16423550032304565,0.01,2999210.5139492517,0.02,0,healthy
-0.03449091230053192,0.8125387795160468,0.8555971,-0.9305481999999999,1.7861452999999998,0.8132704908262379,-0.011775412830123545,-1.9457561984081906,0.9564820920545213,0.3639661732907443,0.05648209205452126,0.7699436062809323,0.04776951714897524,0.9391845408577127,0.9736754531582448,0.722174089131957,0.03449091230053203,1630.133977984421,0.32798925046740096,0.16399462523370048,0.01,2997616.933231847,0.02,0,healthy
-0.03457779903590426,0.8125691185501571,0.8555105999999999,-0.930637,1.7861476,0.8133044919386261,-0.01175941807176009,-1.9458223385934443,0.956518186136968,0.3639853637593637,0.05651818613696802,0.7699781915691517,0.04776357097226554,0.9391771884973403,0.9737549875332447,0.7222146205968861,0.03457779903590441,1630.1587679474842,0.328085381167491,0.1640426905837455,0.01,2997894.285894581,0.02,0,healthy
-0.034493979321808525,0.8123141627428911,0.8554246,-0.9305391,1.7859637,0.8130462063143383,-0.01199358583038911,-1.9453275579080491,0.9565804425531915,0.363885258561241,0.0565804425531915,0.7697498413763304,0.047736729636606,0.9392813231382979,0.9737753024601065,0.7220131117397244,0.03449397932180853,1629.8933919467909,0.32750239700112455,0.16375119850056227,0.01,2995967.7151671275,0.02,0,healthy
-0.03478186605718088,0.8131440690771894,0.8556705,-0.9308748000000001,1.7865453000000002,0.8138876183367263,-0.011240092182866807,-1.9469532152783993,0.956397638530585,0.3642187223392426,0.05639763853058499,0.7704983306954358,0.04781914496940968,0.9389546566489362,0.973736522706117,0.7226791857260262,0.03478186605718081,1630.7449361872427,0.3294838480576529,0.16474192402882645,0.01,3002250.986157431,0.02,0,healthy
-0.03476983873005318,0.8131627753697843,0.8557003,-0.930865,1.7865653,0.8139057936471543,-0.011220027927199278,-1.9469876003110502,0.956380568218085,0.3642235427713869,0.056380568218085014,0.7705124977054155,0.04782401421873073,0.9389435930851063,0.9737134318151596,0.7226884834866848,0.03476983873005324,1630.7661320597022,0.3295213119276275,0.16476065596381376,0.01,3002381.048128017,0.02,0,healthy
-0.034824686245847176,0.8126578384512932,0.8556083999999999,-0.9307821000000001,1.7863905,0.813403664344125,-0.0109784318102831,-1.9458746556106086,0.9564156643189369,0.364003478563042,0.05641566431893685,0.770043915862158,0.047785075462705495,0.9389349220265781,0.9737596082724252,0.7222588403994525,0.034824686245847114,1631.3889257496764,0.3302919266192042,0.1651459633096021,0.01,3002690.5931532523,0.02,0,healthy
-0.03449091230053192,0.8125387795160468,0.8555971,-0.9305481999999999,1.7861452999999998,0.8132704908262379,-0.011775412830123545,-1.9457561984081906,0.9564820920545213,0.3639661732907443,0.05648209205452126,0.7699436062809323,0.04776951714897524,0.9391845408577127,0.9736754531582448,0.722174089131957,0.03449091230053203,1630.133977984421,0.32798925046740096,0.16399462523370048,0.01,2997616.933231847,0.02,0,healthy
-0.03491848354388301,0.8134421649806163,0.8557162,-0.9310305,1.7867467000000001,0.8141912897233404,-0.010972861830995067,-1.9475454982200027,0.9563472760305851,0.3643394421355172,0.05634727603058509,0.7707690133436811,0.047846104433195986,0.9388359900265957,0.9737544735704786,0.722922908910485,0.03491848354388294,1631.0457692367545,0.3301879072421179,0.16509395362105894,0.01,3004530.751044791,0.02,0,healthy
-0.03474265830564788,0.8126867996849576,0.8556194,-0.9308075,1.7864269,0.8134290913707976,-0.011300747523704198,-1.945868872071892,0.9564100382724252,0.3640178948711065,0.05641003827242519,0.770068305845975,0.04778887037768291,0.9389943548837208,0.9737370131893688,0.7222794354682921,0.03474265830564793,1631.4778434584666,0.3292419187408828,0.1646209593704414,0.01,3002852.1460203114,0.02,0,healthy
-0.03465249528239203,0.8126971045448721,0.8557390000000001,-0.9307158999999999,1.7864549,0.8134355408788794,-0.011277928378073808,-1.9458824364990657,0.9563617143189368,0.3640158865362977,0.05636171431893677,0.7700712106880502,0.047798750946538654,0.9389911460797342,0.9736436413621262,0.7222724597415116,0.034652495282392004,1631.495377002682,0.3292278561866941,0.16461392809334705,0.01,3002871.3335060365,0.02,0,healthy
-0.03458125668218084,0.8126745219433951,0.8555819,-0.9306452000000001,1.7862271,0.8134099470314121,-0.011659372200899146,-1.946026885970858,0.9564827383311171,0.36402656839457154,0.056482738331117055,0.770072035648019,0.04777613899484556,0.9391400200797874,0.9737212767619681,0.7222958966531734,0.034581256682180705,1630.2694910267933,0.3283112752910651,0.16415563764553254,0.01,2998671.4442401654,0.02,0,healthy
-0.034836273107569725,0.812525416573394,0.8556143,-0.9308835000000001,1.7864978000000002,0.8132718601438222,-0.011103741108295538,-1.9453746019423266,0.9563856509628156,0.3639448822222653,0.05638565096281556,0.7699138809042828,0.04777947928315399,0.9389312500332005,0.9737675231407702,0.7221344016211289,0.03483627310756965,1632.5637718010178,0.3268277985081298,0.1634138992540649,0.01,3005713.3439774965,0.02,0,healthy
-0.03466441532579785,0.8130207339552232,0.8557262999999999,-0.930754,1.7864803,0.8137593842967155,-0.011345077825224361,-1.946703036273427,0.9563854623670214,0.3641620925075221,0.056385462367021355,0.7703797489862311,0.04781577953596831,0.9390012007313829,0.9736656160571809,0.7225639694502628,0.034664415325798004,1630.6270291200208,0.32912646400726675,0.16456323200363338,0.01,3001269.831016874,0.02,0,healthy
-0.03475782925531911,0.81315665947347,0.8557108999999999,-0.9308533999999999,1.7865642999999998,0.8138991703771388,-0.011224990411874657,-1.9469742942950674,0.9563754157579788,0.3642197016173882,0.056375415757978775,0.7705055695230274,0.047824968855651635,0.9389444484042554,0.9737022776595745,0.7226806006673757,0.03475782925531912,1630.7610095547523,0.3295018495636619,0.16475092478183095,0.01,3002328.4952571937,0.02,0,healthy
-0.03458709341755316,0.8127195542842972,0.8556042,-0.9306609999999998,1.7862651999999999,0.8134551868094155,-0.011623548575350404,-1.9461103833731415,0.9564608572473403,0.3640401438706188,0.05646085724734029,0.7701080660365394,0.04778482819872343,0.9391152229388298,0.9737023163563829,0.7223232378378159,0.03458709341755317,1630.317878793131,0.3284123402377609,0.16420617011888045,0.01,2999006.2349879467,0.02,0,healthy
-0.034917352293882965,0.8134652233682208,0.8557344,-0.9310307,1.7867651,0.8142142783817564,-0.010950608434225061,-1.9475903099861598,0.9563363555851065,0.36434760172830755,0.05633635558510652,0.770788656418207,0.047849759068452034,0.9388256263297872,0.9737429786236702,0.722938897349755,0.03491735229388304,1631.0698181528173,0.33024306740444254,0.16512153370222127,0.01,3004699.750120816,0.02,0,healthy
-0.03474265830564788,0.8126867996849576,0.8556194,-0.9308075,1.7864269,0.8134290913707976,-0.011300747523704198,-1.945868872071892,0.9564100382724252,0.3640178948711065,0.05641003827242519,0.770068305845975,0.04778887037768291,0.9389943548837208,0.9737370131893688,0.7222794354682921,0.03474265830564793,1631.4778434584666,0.3292419187408828,0.1646209593704414,0.01,3002852.1460203114,0.02,0,healthy
-0.03454270668218084,0.8126816994028738,0.8556364999999999,-0.9306094999999999,1.7862459999999998,0.813415480015763,-0.011647906054524397,-1.9460353943014148,0.9564534822140958,0.36402361263386995,0.05645348221409574,0.7700725703632175,0.047783444692815875,0.9391300385638299,0.9736727452460106,0.7222891256704016,0.034542706682180624,1630.2816739079951,0.3283076788730045,0.16415383943650225,0.01,2998700.110620076,0.02,0,healthy
-0.03488537174202132,0.8134878399254685,0.8557890999999999,-0.9309995999999999,1.7867886999999998,0.8142355033208658,-0.010925099319372123,-1.9476326908999315,0.9563139847739363,0.3643547447211213,0.05631398477393623,0.7708069963668106,0.04785520510592427,0.9388192600398936,0.9737046317819149,0.7229517912608864,0.03488537174202133,1631.0943571698317,0.33029125337662196,0.16514562668831098,0.01,3004846.0184656368,0.02,0,healthy
-0.03465878178191491,0.812741817973642,0.8555307,-0.9307344,1.7862651,0.8134804815345644,-0.011612756867485384,-1.9461596713645004,0.9564906418882979,0.36405455656251096,0.05649064188829789,0.7701337181364497,0.047779922322696324,0.9391091639960106,0.9737679457779256,0.7223537958137534,0.03465878178191495,1630.3353738602834,0.3284901650047203,0.16424508250236014,0.01,2999214.8698663516,0.02,0,healthy
-0.034718967242524955,0.8126736949667268,0.8556406999999999,-0.9307842,1.7864248999999999,0.8134149870621146,-0.011307794418515852,-1.945840524097402,0.956399071229236,0.36400972512635305,0.05639907122923593,0.7700535813948486,0.04779078290189678,0.9389952178737542,0.973714185116279,0.7222627984929518,0.03471896724252488,1631.4666455851577,0.3292024352044872,0.1646012176022436,0.01,3002740.7469568155,0.02,0,healthy
-0.03482421496010641,0.8132011568382093,0.8556603,-0.9309223999999999,1.7865826999999999,0.8139464647202478,-0.011191838597707582,-1.9470661440353851,0.9563914985704788,0.3642413460823548,0.05639149857047876,0.7705496755374684,0.04782414276037066,0.9389273403590425,0.9737515553191489,0.7227255327770978,0.03482421496010646,1630.8022303901432,0.32963113348689427,0.16481556674344713,0.01,3002697.688577445,0.02,0,healthy
-0.03474590658244681,0.8131752209109203,0.8557398,-0.9308426,1.7865824,0.8139172058187246,-0.011204753193904744,-1.9470083628900423,0.9563584925199469,0.3642244961599709,0.056358492519946846,0.7705196533882314,0.04782979101430794,0.9389334875664893,0.9736793941489361,0.7226898623739234,0.034745906582446806,1630.782068503017,0.3295387989859077,0.16476939949295386,0.01,3002457.5645809066,0.02,0,healthy
-0.03473784650930848,0.8132106089101601,0.8557758999999999,-0.930834,1.7866099,0.8139522175313103,-0.011167683672220971,-1.9470784001963062,0.9563446484707445,0.36423912442686707,0.056344648470744496,0.7705520084252877,0.047833647717683725,0.9389236798869681,0.9736615263962767,0.722718360707604,0.034737846509308556,1630.8185411294687,0.32961755795278846,0.16480877897639423,0.01,3002712.875847644,0.02,0,healthy
-0.03470880295877661,0.8130549590407611,0.8556953,-0.9308022999999999,1.7864976,0.8137954702648601,-0.011319328269372283,-1.9467718436693269,0.9563913884640958,0.36417709035510215,0.05639138846409575,0.7704119461172426,0.0478169026696509,0.9389849236369681,0.9736937265957447,0.7225950434475917,0.03470880295877665,1630.6595937657182,0.3292291286962252,0.1646145643481126,0.01,3001549.4668667545,0.02,0,healthy
-0.03451718477393618,0.8126677291209203,0.8556583,-0.9305848000000001,1.7862431,0.8134004388978848,-0.011657624232845666,-1.946005271210743,0.9564422764627659,0.364015052105262,0.056442276462765895,0.7700569894215533,0.047785394846235,0.9391315957779256,0.9736487805518617,0.7222715945753183,0.03451718477393606,1630.2696474110705,0.32826664618889967,0.16413332309444983,0.01,2998581.437721455,0.02,0,healthy
-0.03444099747340425,0.8123448948085666,0.8555153000000001,-0.9304910999999999,1.7860064,0.8130746647316618,-0.011957211728915007,-1.9453785140400301,0.9565299049202128,0.36388834435688855,0.056529904920212815,0.7697681921125556,0.04775020035606125,0.9392572964095746,0.9736982938829788,0.7220179917564944,0.03444099747340423,1629.933122116457,0.32753173034017485,0.16376586517008743,0.01,2996160.54985146,0.02,0,healthy
-0.03478038444148937,0.8133758497580826,0.8558433,-0.9308874,1.7867307000000001,0.8141191240301268,-0.011014888102766468,-1.947403516915185,0.9562985234707446,0.36430259167900975,0.0562985234707446,0.770698762719546,0.04785256834295497,0.9388562916888298,0.9736366761303192,0.722846194376591,0.034780384441489454,1630.988930778936,0.3299743849795871,0.16498719248979354,0.01,3003955.595013492,0.02,0,healthy
-0.034790501560424986,0.8125430960343594,0.8556832000000001,-0.9308392000000001,1.7865224000000002,0.8132875640952147,-0.01108537380118616,-1.9454051130760048,0.9563564964475432,0.36394831906657704,0.05635649644754315,0.7699260399279403,0.04778632094412059,0.9389250670318725,0.9737155685922975,0.7221397189838197,0.03479050156042496,1632.5860044978676,0.3268444076824514,0.1634222038412257,0.01,3005814.7546388176,0.02,0,healthy
-0.0347902500332447,0.8132955319666693,0.8557727,-0.9308943999999999,1.7866670999999998,0.8140393011484908,-0.011095068462280951,-1.947246349556675,0.9563336721742022,0.36427259154944014,0.056333672174202154,0.7706285001465831,0.04784137022993556,0.9388865013297872,0.9736767513630319,0.7227871299166476,0.03479025003324465,1630.9045643432776,0.32981375285304826,0.16490687642652413,0.01,3003370.7375099747,0.02,0,healthy
-0.03454270668218084,0.8126816994028738,0.8556364999999999,-0.9306094999999999,1.7862459999999998,0.813415480015763,-0.011647906054524397,-1.9460353943014148,0.9564534822140958,0.36402361263386995,0.05645348221409574,0.7700725703632175,0.047783444692815875,0.9391300385638299,0.9736727452460106,0.7222891256704016,0.034542706682180624,1630.2816739079951,0.3283076788730045,0.16415383943650225,0.01,2998700.110620076,0.02,0,healthy
-0.034701180551861686,0.8130663879712862,0.8557129000000001,-0.9307920000000001,1.7865049000000002,0.8138065637363506,-0.011305291986810897,-1.9467958079677066,0.9563889124335105,0.3641834863958368,0.05638891243351052,0.7704240498439126,0.04781689753990614,0.9389862630984044,0.9736874436502659,0.7226071523040064,0.034701180551861555,1630.6705343822548,0.32925762940044434,0.16462881470022217,0.01,3001628.7581513794,0.02,0,healthy
-0.034746006150265976,0.813125337564694,0.8557022,-0.9308399999999999,1.7865422,0.8138673722008345,-0.01125395055362748,-1.946912281196178,0.9563822750332446,0.3642070496377906,0.056382275033244555,0.7704771958053456,0.04782199400487339,0.9389572233710106,0.9737032295212766,0.7226552018004722,0.03474600615026602,1630.7293605113828,0.32942222203714283,0.16471111101857142,0.01,3002090.613676325,0.02,0,healthy
-0.034635172107712775,0.8128568697272789,0.8556423000000001,-0.9307192,1.7863615,0.8135944234136326,-0.011501270808969342,-1.9463805511468735,0.9564334944148936,0.36409615672867635,0.05643349441489354,0.7702323274954569,0.04779806426436493,0.9390638346742021,0.9736990067819149,0.7224342632310919,0.03463517210771283,1630.4584595637834,0.3287355583234756,0.1643677791617378,0.01,3000046.187741498,0.02,0,healthy
-0.034696576396276595,0.8130221948639411,0.8556871999999999,-0.9307887000000001,1.7864759000000001,0.8137622145043372,-0.01134968337530423,-1.9467072667645202,0.9563982926196809,0.3641636983450041,0.05639829261968088,0.7703821553781237,0.04781385032090326,0.9389979447805851,0.9736945211768616,0.7225683050572205,0.034696576396276546,1630.6267565465319,0.32914175504162635,0.16457087752081317,0.01,3001300.7615790195,0.02,0,healthy
-0.03469730418604653,0.8126339194061866,0.8556419999999999,-0.9307576000000001,1.7863996,0.8133743233513335,-0.011334885644372242,-1.9457615181243917,0.9563992665780733,0.3639919614572384,0.05639926657807326,0.770016025435098,0.0477885794824403,0.9390062060132891,0.9737035101993355,0.7222274459526576,0.03469730418604644,1631.4268129537088,0.32911802061912954,0.16455901030956477,0.01,3002434.2661025855,0.02,0,healthy
-0.0344710088098404,0.8124516499434984,0.8555577,-0.9305273000000001,1.786085,0.8131825956968587,-0.011858156004039383,-1.9455849341507723,0.9565001037234043,0.3639294641811365,0.056500103723404305,0.7698631411462197,0.04776219144641622,0.9392124878989361,0.9736834967087765,0.7221009496998034,0.03447100880984044,1630.044552253471,0.3277832952880463,0.16389164764402314,0.01,2996963.9802094824,0.02,0,healthy
-0.03438458617021272,0.8121884847517872,0.8554725999999999,-0.9304238999999999,1.7858964999999998,0.8129160070570027,-0.01209524737666499,-1.9450740588318298,0.9565617961768618,0.36382559578073015,0.056561796176861745,0.7696271190279833,0.047734912673593394,0.9393173825465426,0.9737019687167553,0.7218922063543899,0.03438458617021267,1629.7700125620183,0.32718332922999316,0.16359166461499658,0.01,2994975.893899131,0.02,0,healthy
-0.034771796376329794,0.8132527927037175,0.855763,-0.9308704,1.7866334,0.8139958124361775,-0.011132811149316328,-1.9471643593436256,0.9563489522273936,0.36425870387777287,0.056348952227393556,0.7705929367908443,0.04783461162261717,0.9389110003324467,0.9736827967087766,0.7227583251682271,0.03477179637632988,1630.8592161470979,0.329724713807501,0.1648623569037505,0.01,3003044.623476269,0.02,0,healthy
-0.03445494687499998,0.8123836717448152,0.855526,-0.9305076999999999,1.7860337,0.8131139978390156,-0.011922730630934963,-1.9454538661217846,0.9565221211103723,0.3639040276516046,0.05652212111037225,0.7698033034265594,0.04775390122674821,0.9392425228723403,0.9736974697473404,0.7220494021998113,0.03445494687500006,1629.9729327848238,0.3276259563789812,0.1638129781894906,0.01,2996454.268618388,0.02,0,healthy
-0.03485644341755318,0.8132908249597197,0.8556857000000001,-0.9309599,1.7866456,0.8140374301046498,-0.01110948843920825,-1.9472433209831204,0.9563725831449469,0.3642770266924611,0.056372583144946864,0.770630705888928,0.047832904806541086,0.9388923111702128,0.9737487545877659,0.7227978010823869,0.03485644341755312,1630.8937494330573,0.3298321629969889,0.16491608149849446,0.01,3003377.8128694072,0.02,0,healthy
-0.03486596565824464,0.813429305132479,0.8557737999999999,-0.9309762999999999,1.7867501,0.8141761910112513,-0.010976828216329563,-1.9475162066126221,0.956325224900266,0.3643306273889354,0.056325224900265924,0.7707536630733275,0.047849767395932295,0.9388401987699468,0.9737061644281916,0.7229038956773952,0.034865965658244735,1631.0366937859458,0.33013563886884373,0.16506781943442186,0.01,3004402.941787738,0.02,0,healthy
-0.0346843145944149,0.8130157189187497,0.8556973999999999,-0.9307770000000001,1.7864744,0.8137552217269367,-0.011354495830169406,-1.9466931425898477,0.9563930768284575,0.364159664326058,0.05639307682845751,0.770374874863191,0.04781480327635329,0.9389988671542553,0.9736831817486701,0.7225600715868377,0.03468431459441479,1630.6213574265166,0.32912017399213966,0.16456008699606983,0.01,3001245.4254133236,0.02,0,healthy
-0.03484176256648936,0.8134640829237334,0.8558294,-0.9309557999999999,1.7867851999999997,0.8142099008398819,-0.010940710643007747,-1.9475806693477942,0.956293491256649,0.3643396842493638,0.05629349125664895,0.7707800107538528,0.047858914790099086,0.9388205678191489,0.9736623303856383,0.7229210959637538,0.03484176256648941,1631.0756250965285,0.33020758677443995,0.16510379338721998,0.01,3004643.6450151415,0.02,0,healthy
-0.03448996692154258,0.8123542066511483,0.8554613,-0.9305425,1.7860038,0.8130860439597187,-0.011956913789354368,-1.9453995571336653,0.9565497890292554,0.36389473637124425,0.05654978902925534,0.7697793468568929,0.0477470960082237,0.9392526892952129,0.9737426562167554,0.7220322508486692,0.03448996692154249,1629.9396098247946,0.32757178181775937,0.16378589090887968,0.01,2996259.535522888,0.02,0,healthy
-0.03458954082446807,0.8126620725064508,0.8555626000000001,-0.9306566000000001,1.7862192000000001,0.8133978610894718,-0.011674364225994814,-1.9460010924642246,0.9564851997340426,0.36401968619327474,0.056485199734042535,0.7700589723755883,0.04777604858238538,0.9391383450132978,0.9737278858377658,0.7222829237932029,0.03458954082446797,1630.25722486771,0.3282859595448956,0.1641429797724478,0.01,2998585.087336852,0.02,0,healthy
-0.03480192961487381,0.8125493629615748,0.8556721999999999,-0.9308508,1.7865229999999999,0.813294314227131,-0.01108286250094556,-1.945418637342314,0.956361924568393,0.3639522434266538,0.05636192456839295,0.7699331167042388,0.04778536924739422,0.9389248129814077,0.9737267425962814,0.7221477474568446,0.03480192961487372,1632.591355017168,0.32686231788717146,0.16343115894358573,0.01,3005868.1666618926,0.02,0,healthy
-0.034609902493351094,0.812870571181616,0.8556841,-0.9306960999999999,1.7863802,0.813607037115416,-0.011485546123614437,-1.94640350254832,0.9564105038231383,0.364097531285335,0.05641050382313828,0.7702404250635138,0.04780418849999067,0.9390534910239361,0.9736633935172873,0.7224362365635231,0.03460990249335116,1630.4758676709178,0.3287556958872601,0.16437784794363006,0.01,3000131.127520506,0.02,0,healthy
-0.034753153856382946,0.8130104763896319,0.8556072,-0.9308445999999999,1.7864518,0.8137529209915388,-0.011370005623319844,-1.9466893475152387,0.9564338810172871,0.3641641261346383,0.05643388101728708,0.7703768650758319,0.047805949080961585,0.9390052415890957,0.9737583954454787,0.7225709159948703,0.034753153856383,1630.6097877872621,0.32913675837771095,0.16456837918885547,0.01,3001250.1103296564,0.02,0,healthy
-0.03441009697473403,0.8121420065865251,0.8554031,-0.9304451999999999,1.7858482999999998,0.8128706500029375,-0.012143972389667176,-1.944988780358402,0.9566025290890958,0.36381348830359683,0.0566025290890958,0.7695918750719168,0.04772305371774061,0.9393453524601064,0.9737554494348403,0.7218688213541762,0.03441009697473385,1629.7149471016937,0.32712266894861164,0.16356133447430582,0.01,2994650.2274878486,0.02,0,healthy
-0.03465839235880398,0.8126170846068292,0.8556800999999999,-0.9307101999999999,1.7863902999999999,0.8133558448525464,-0.011337107880337666,-1.9457302446790585,0.956395377973422,0.36398746506855395,0.05639537797342198,0.7700029256604665,0.04778641899566514,0.9390217597009968,0.9736801520598005,0.7222165066648013,0.03465839235880375,1631.46157842983,0.3265300586162751,0.16326502930813755,0.01,3002285.869400905,0.02,0,healthy
-0.034877123836436194,0.8134350215601638,0.8557635,-0.9309868000000001,1.7867503,0.8141823801014648,-0.010972770657467015,-1.9475288771689196,0.9563302609707446,0.36433426024354654,0.05633026097074456,0.7707601815879634,0.047848832557838054,0.9388396572473404,0.9737167810837766,0.7229113490301254,0.03487712383643615,1631.0413287420317,0.33015448720029056,0.16507724360014528,0.01,3004452.05586848,0.02,0,healthy
-0.034612843849734044,0.8127055331536727,0.8555615,-0.9306839999999998,1.7862454999999997,0.8134422736604985,-0.011639796022820892,-1.9460870195542461,0.9564844383976064,0.3640388562522906,0.05648443839760642,0.7700998518413599,0.04777852603601147,0.9391259282579787,0.9737387721077126,0.7223213258053484,0.034612843849733954,1630.2998528976877,0.328395676420028,0.164197838210014,0.01,2998919.2539784885,0.02,0,healthy
-0.03445364876994679,0.8123221015204415,0.8554814000000001,-0.9305016000000002,1.7859830000000003,0.8130524279111092,-0.011980980901151291,-1.9453372246637102,0.9565494589428191,0.36388228348186075,0.05654945894281904,0.7697507596142183,0.04774444959543067,0.939270514793883,0.9737241635638298,0.7220063100187877,0.03445364876994683,1629.9065772852955,0.3275006143888466,0.1637503071944233,0.01,2996000.9045053828,0.02,0,healthy
-0.034510435372340414,0.8124439602551277,0.855502,-0.9305638999999999,1.7860658999999999,0.8131765851920627,-0.011870632659440552,-1.9455756547036847,0.9565305317154256,0.3639325251228097,0.05653053171542555,0.7698623604726019,0.04775460855936989,0.9392232064827127,0.9737336418550533,0.7221077519132321,0.03451043537234055,1630.0317323132638,0.32778409627631677,0.16389204813815839,0.01,2996932.060729456,0.02,0,healthy
-0.034778107308970053,0.8127063545673702,0.8555869,-0.9308434999999999,1.7864304,0.8134501432184877,-0.01129003465793641,-1.9459111628455854,0.9564263317607975,0.3640300892359877,0.05642633176079748,0.7700902846189569,0.04778601516872865,0.9389929800996678,0.9737710874086379,0.7223042694502283,0.03477810730897013,1631.4945546891092,0.3293009735259915,0.16465048676299576,0.01,3003018.4589404794,0.02,0,healthy
-0.034599167187499995,0.812563553700634,0.8554801,-0.9306601999999999,1.7861403,0.8132998408783023,-0.011769587951146604,-1.9458115089345416,0.9565263533244681,0.3639827500741811,0.05652635332446809,0.7699728154544614,0.04776250233428856,0.9391746612699468,0.9737738284574466,0.7222103131201728,0.03459916718749989,1630.152339392283,0.3280809996640098,0.1640404998320049,0.01,2997866.746977476,0.02,0,healthy
-0.0346460165226064,0.8127846827491287,0.8555702000000001,-0.9307255999999999,1.7862958,0.8135227636473895,-0.011576241305280545,-1.9462429191453714,0.9564773441489361,0.36407267348671046,0.056477344148936126,0.7701731249189187,0.04778430712736926,0.9391022550531916,0.9737482715757978,0.7223888177915494,0.03464601652260624,1630.377829687584,0.32861703376246076,0.16430851688123038,0.01,2999522.0898343134,0.02,0,healthy
-0.03487819222074469,0.8134119169141921,0.8557452999999999,-0.9309865,1.7867318,0.8141593424327991,-0.010994996042452356,-1.9474840438567633,0.9563411580452127,0.36432613547606785,0.05634115804521267,0.770740538503285,0.04784514903693528,0.9388500271609044,0.9737282193816491,0.7228953894663498,0.03487819222074473,1631.0170870049421,0.33010013402292254,0.16505006701146127,0.01,3004282.6821347475,0.02,0,healthy
-0.03435715195883136,0.8114106071685891,0.8554133,-0.93032,1.7857333,0.8121376652491994,-0.012067797065717823,-1.9431893682227115,0.9565720930278885,0.36349044319171825,0.05657209302788846,0.7689024567187864,0.047678241168545535,0.9393557833665337,0.9737129353253652,0.7212242155502409,0.03435715195883149,1631.4077825422887,0.32448029228965436,0.16224014614482718,0.01,2997200.546276716,0.02,0,healthy
-0.03462051419547872,0.8127488780571299,0.8555846,-0.9306986,1.7862832000000002,0.813485905708441,-0.011601490230919718,-1.946168040126322,0.9564616457114362,0.3640516445567727,0.05646164571143619,0.7701342266522543,0.047787158873803665,0.9390993057180851,0.9737198199135639,0.7223470677784506,0.034620514195478846,1630.3473952026677,0.32848676262612764,0.16424338131306382,0.01,2999242.8003034056,0.02,0,healthy
-0.03456462736037232,0.8125908800714537,0.8555432999999999,-0.9306260999999999,1.7861694,0.8133256739092041,-0.011737526392739893,-1.9458620525380756,0.9564996214760638,0.3639911000267204,0.0564996214760638,0.7699947628163749,0.04776906331392125,0.9391652048204786,0.9737298321808511,0.7222256995024536,0.03456462736037247,1630.1836206160285,0.32812870608754335,0.16406435304377168,0.01,2998046.0423359904,0.02,0,healthy
-0.034578789162234023,0.8127595294005472,0.8556434,-0.9306523000000001,1.7862957000000002,0.813494772749847,-0.011582071257853523,-1.9461890178458805,0.9564459125332447,0.36405677016983745,0.05644591253324471,0.7701445448152336,0.04778921310168414,0.9391044317819149,0.9736832209441488,0.7223553317135495,0.03457878916223389,1630.359552659831,0.3284966481920333,0.16424832409601664,0.01,2999295.0038548415,0.02,0,healthy
-0.03463568347739362,0.8128029291911328,0.8556018000000001,-0.9307152999999999,1.7863171,0.8135405535507323,-0.011552749504825752,-1.9462770019400224,0.9564582303856383,0.3640769511147918,0.05645823038563824,0.7701864157783966,0.047789570939093876,0.939088306881649,0.9737239903590427,0.7223968448393028,0.03463568347739365,1630.4006117646309,0.3286246704505478,0.1643123352252739,0.01,2999649.8005683096,0.02,0,healthy
-0.03430331599069147,0.8121005173781488,0.8555061999999999,-0.9303358,1.785842,0.8128246845500045,-0.012167807164136851,-1.9448995532901883,0.956558302194149,0.36378762376187274,0.056558302194148924,0.7695452306682514,0.04773019489753614,0.9393545116023937,0.9736578275930852,0.7218150357707153,0.034303315990691474,1629.6794670219397,0.32700105522206857,0.16350052761103429,0.01,2994278.971347261,0.02,0,healthy
-0.03456476416223402,0.8125619562957993,0.8555214999999999,-0.9306241000000001,1.7861456,0.8132967820794862,-0.011764653959579268,-1.9458069528652515,0.9565126112699468,0.36398099883219415,0.05651261126994678,0.7699702139089948,0.047764552713162184,0.9391781443151594,0.9737429084773936,0.7222056611958326,0.034564764162234196,1630.1525710237363,0.32806461593756964,0.16403230796878482,0.01,2997833.4732587207,0.02,0,healthy
-0.03465362420212768,0.8128000892373036,0.8555722,-0.9307385,1.7863107,0.8135384801805696,-0.011565121933889977,-1.9462704667026662,0.9564673685172873,0.3640756867460635,0.056467368517287286,0.7701837946907222,0.0477885425067188,0.9390884757978724,0.9737421,0.7223952521840034,0.0346536242021277,1630.3953104868378,0.3286510520943762,0.1643255260471881,0.01,2999640.1624235627,0.02,0,healthy
-0.034729031815159545,0.8130758356214044,0.8556865,-0.9308263,1.7865128000000001,0.8138171908495565,-0.011302967947466425,-1.9468117984978384,0.9563866708776596,0.3641838160470887,0.056386670877659584,0.770429164813582,0.04781993915278398,0.938970100831117,0.9736991326462765,0.7226092256607981,0.03472903181515952,1630.6811705077994,0.32928752546654316,0.16464376273327158,0.01,3001715.758293728,0.02,0,healthy
-0.034597904222074455,0.8126216020168594,0.8555227,-0.9306650999999999,1.7861878,0.8133577829227473,-0.011716302465303979,-1.9459220286102716,0.9565005766954787,0.3640030457867797,0.0565005766954787,0.7700221496645469,0.047771495983321,0.9391495237367021,0.9737474279587764,0.7222506536812259,0.034597904222074316,1630.214434266088,0.3282096164471697,0.16410480822358486,0.01,2998292.750065418,0.02,0,healthy
-0.03468972275747508,0.8126903886460889,0.8556868999999999,-0.9307506999999999,1.7864375999999997,0.8134304178371508,-0.011287717731884288,-1.9458745692384742,0.9563895956810632,0.36401874812846724,0.056389595681063165,0.7700708110965788,0.04779178342565973,0.9390003864784052,0.9736901092358805,0.7222790276709191,0.03468972275747528,1631.483896193164,0.3292310975640128,0.1646155487820064,0.01,3002845.271819227,0.02,0,healthy
-0.034965039162234035,0.8136741062899993,0.8558249,-0.9310890999999999,1.786914,0.8144250150937442,-0.0107531697853877,-1.9480044469373565,0.9562743822473403,0.3644302164434793,0.05627438224734027,0.7709749934000165,0.047873535651560856,0.9387398310172871,0.9737048701795213,0.7231014577484557,0.03496503916223426,1631.2788847979111,0.33082003433494306,0.16541001716747153,0.01,3006267.5378064695,0.02,0,healthy
-0.034485978357712804,0.8124212481906015,0.8555117,-0.9305371999999998,1.7860489,0.8131528559962534,-0.011891347961432496,-1.9455325482179153,0.9565368015624999,0.3639256890308351,0.05653680156249985,0.7698439062587139,0.047751056724754784,0.939241697074468,0.9737276754321809,0.7220928495339591,0.03448597835771283,1630.0064391415212,0.3277495322477262,0.1638747661238631,0.01,2996749.8375360067,0.02,0,healthy
-0.03478792980066446,0.8126647833319943,0.8556599,-0.9307473,1.7864072000000002,0.8134090300260093,-0.010965651657914768,-1.9458834784544388,0.956387201627907,0.36400067810467907,0.056387201627907,0.7700444897980808,0.04779209500050531,0.9389248033222592,0.9737127331229235,0.7222523947975755,0.03478792980066425,1631.4005916302503,0.33028706607940395,0.16514353303970197,0.01,3002718.5446672314,0.02,0,healthy
-0.0345917800199468,0.8127387706575768,0.8556127,-0.9306625000000001,1.7862752,0.8134745850823722,-0.011603151579572058,-1.9461508921881985,0.9564638744348403,0.3640512137330501,0.056463874434840244,0.7701286951213298,0.04778394628435132,0.9391159066156914,0.9737076866356383,0.7223447488369784,0.034591780019946894,1630.3358795909667,0.32845864704800964,0.16422932352400482,0.01,2999150.4785217177,0.02,0,healthy
-0.03457327623005317,0.812489873209627,0.855459,-0.9306302000000001,1.7860892000000002,0.8132251259629619,-0.011835386850528337,-1.945668200392118,0.9565416111037234,0.36395324067629475,0.056541611103723355,0.7699063517826638,0.04775524038529158,0.9392028696143617,0.9737761458444149,0.7221511113973722,0.03457327623005313,1630.0763685785187,0.32791154245766646,0.16395577122883323,0.01,2997308.8586439365,0.02,0,healthy
-0.03458701333111701,0.8127473403051773,0.8556253,-0.9306627,1.7862879999999999,0.8134829442983463,-0.011596686080463315,-1.9461636657015908,0.956448269481383,0.36404997948868933,0.05644826948138293,0.7701317150401604,0.047789153334290985,0.9391026708111702,0.9736896841422873,0.7223425617058694,0.034587013331117133,1630.3476081938534,0.3284710006460913,0.16423550032304565,0.01,2999210.5139492517,0.02,0,healthy
-0.03459797476728725,0.8126495943866368,0.8555442999999999,-0.9306669999999999,1.7862112999999997,0.813385752957822,-0.011689091776150348,-1.9459753261626258,0.9564876360372342,0.3640128102672573,0.05648763603723417,0.7700458920672263,0.04777595204218341,0.9391365602393617,0.973734535006649,0.7222699400250429,0.03459797476728732,1630.2448723468406,0.32826090310308853,0.16413045155154427,0.01,2998498.6159704598,0.02,0,healthy
-0.03466890073138298,0.8128311277015909,0.8555817000000001,-0.9307527,1.7863344,0.8135701413145412,-0.011531191423930852,-1.9463325634216773,0.9564588692154254,0.3640880500964204,0.05645886921542542,0.7702115674637289,0.04779185717287183,0.9390723447140957,0.9737412454454788,0.722419710290857,0.03466890073138307,1630.42928964135,0.32868915685495925,0.16434457842747963,0.01,2999878.0139097027,0.02,0,healthy
-0.03446471419547876,0.8125536330022357,0.8556408,-0.9305245,1.7861653,0.8132842203250399,-0.011758639221013695,-1.9457809413925489,0.9564579293218085,0.36396767579926675,0.05645792932180849,0.7699525027552843,0.0477759857422605,0.9391734734707446,0.9736381876662235,0.7221765170130238,0.03446471419547881,1630.1528065635232,0.32800835335964096,0.16400417667982048,0.01,2997709.7902471256,0.02,0,healthy
-0.034597628058510646,0.8126778157667697,0.8555647,-0.9306696999999999,1.7862343999999999,0.8134139340500153,-0.011662489922855972,-1.9460292211820316,0.9564749247340426,0.36402271112498397,0.056474924734042586,0.7700698638351836,0.04778036945928597,0.9391240158577128,0.9737216439162235,0.7222894943758976,0.03459762805851074,1630.275190176821,0.328319014706812,0.164159507353406,0.01,2998705.911634932,0.02,0,healthy
-0.03479355279255319,0.8131750603959114,0.8556796,-0.9308881999999999,1.7865677999999998,0.8139190808463839,-0.011210820288604118,-1.9470144306498371,0.9563908256316489,0.3642312268956977,0.05639082563164888,0.7705263927571623,0.04782211824762527,0.9389420015292553,0.9737355543218086,0.722704274509537,0.03479355279255325,1630.7763710761708,0.32956113146287475,0.16478056573143737,0.01,3002486.362469972,0.02,0,healthy
-0.034761669381648944,0.8131983270393959,0.8557366,-0.9308554,1.786592,0.8139409639266666,-0.011182746809530353,-1.9470579565461388,0.956366533976064,0.36423823657342985,0.05636653397606395,0.7705450094252055,0.047827885373122624,0.9389336503656914,0.9736953197473405,0.7227171240520829,0.03476166938164904,1630.8027478142315,0.3296016754690545,0.16480083773452725,0.01,3002637.487434542,0.02,0,healthy
-0.03436823184840428,0.8121504265352614,0.8554616,-0.9304068,1.7858684,0.8128772912818962,-0.012132435100307365,-1.9449994453551742,0.9565707823803191,0.3638105330668238,0.056570782380319096,0.7695930534422729,0.047730973398528595,0.9393345322473403,0.9737027640957446,0.7218620800437443,0.03436823184840432,1629.7287278320405,0.3271199647500302,0.1635599823750151,0.01,2994686.0470930687,0.02,0,healthy
-0.03454286462765956,0.8126534894277274,0.8556154,-0.9306077,1.7862231,0.813387302197266,-0.011674397834036019,-1.9459815449270248,0.9564660807845746,0.3640137078297334,0.0564660807845746,0.7700486073026667,0.04777903829166769,0.9391425575797872,0.9736854222074469,0.7222695690109989,0.034542864627659764,1630.251364234341,0.3282494881375897,0.16412474406879485,0.01,2998492.7795009995,0.02,0,healthy
-0.03474094551495017,0.8127130231643802,0.8556389000000001,-0.9308097,1.7864486,0.8134552177693982,-0.011280212800747112,-1.9459189689554157,0.9563984908305648,0.3640272360478597,0.05639849083056481,0.7700906561981088,0.047792961866294295,0.9389837327906978,0.9737246783056478,0.7222976943318145,0.034740945514949995,1631.5059724381274,0.3292973910683404,0.1646486955341702,0.01,3003044.1550187934,0.02,0,healthy
-0.0347495868018617,0.8132166536056157,0.8557651,-0.9308456,1.7866107,0.8139587578522736,-0.011163283357878638,-1.9470916726665821,0.9563498073138298,0.364242917010166,0.05634980731382977,0.7705588606793324,0.04783268931579212,0.9389229613031915,0.9736725481050532,0.7227261713635403,0.03474958680186169,1630.8235496524394,0.3296364987816225,0.16481824939081124,0.01,3002764.7342025745,0.02,0,healthy
-0.03458508836436171,0.812614518321185,0.8555336,-0.9306523,1.7861859,0.8133501605849367,-0.011721256850159139,-1.9459067924011426,0.9564949910239361,0.3639987130096549,0.05649499102393607,0.7700142656759915,0.047772464114746616,0.9391503606715426,0.9737354490359043,0.7222418015612448,0.034585088364361694,1630.2083024263593,0.3281890245974042,0.1640945122987021,0.01,2998232.6439709803,0.02,0,healthy
-0.03471025142857144,0.8126853201010636,0.8556588,-0.9307728000000001,1.7864316000000002,0.8134262296373304,-0.01129599044416178,-1.9458646430139241,0.9563970701993355,0.3640162753852032,0.056397070199335486,0.770065878116938,0.04779080539802099,0.9389975868438538,0.9737078382724252,0.7222750727189171,0.034710251428571426,1631.4780726822817,0.32922664288888553,0.16461332144444277,0.01,3002820.859778438,0.02,0,healthy
-0.034804085405585106,0.8132300911320527,0.8557065,-0.9309022,1.7866087,0.8139745115687383,-0.011159141578451378,-1.9471220699842784,0.9563725668550531,0.3642519983647907,0.0563725668550531,0.77057480923498,0.04782892981478801,0.9389184705452127,0.9737225559507979,0.722745879420192,0.03480408540558522,1630.8333174919023,0.3296884222173253,0.16484421110866265,0.01,3002897.9062290313,0.02,0,healthy
-0.1616051841788564,0.8094869858479922,0.8134725,-0.9686796,1.7821521,0.8254607294176686,0.2159256478576244,-1.9029080748978813,0.9165615012300531,0.3660722204479018,0.016561501230053066,0.7705627839552364,0.043597916287657044,0.8357588184807181,0.9973640026595745,0.7269648676675793,0.1616051841788564,1609.3229691089862,0.3346316231607531,0.16731581158037656,0.01,3200760.1108246306,0.02,1,M1_width_fault
-0.13620623372007978,0.8111292856890477,0.8221898,-0.96109855,1.7832883499999999,0.8224857787260724,0.17104667501812382,-1.9201090055599437,0.9244401513630319,0.36612344235781463,0.024440151363031903,0.7714281265039709,0.04439689249541772,0.856336917642952,0.9925431513630321,0.7270312340085532,0.13620623372008012,1617.2791315128504,0.32738338825826135,0.16369169412913068,0.01,3144360.555382075,0.02,1,M1_width_fault
-0.14874192018949467,0.8097827792489014,0.8177551,-0.96459488,1.78234998,0.823330011835918,0.1932711465989543,-1.9109757264361775,0.920524656781915,0.3658913390406735,0.02052465678191495,0.7705260584118421,0.04393686492041349,0.8461535743916224,0.994895494581117,0.7265891934914286,0.14874192018949461,1612.9775422037997,0.3281995800781269,0.16409979003906344,0.01,3166806.4175512833,0.02,1,M1_width_fault
-0.19138804291888298,0.8064258810425086,0.8031511000000001,-0.9771332,1.7802843000000002,0.8288257263065055,0.2693744054724188,-1.876077257123904,0.9072266853390958,0.3655068344820856,0.007226685339095762,0.768470710548722,0.042652342961605486,0.8115325887300532,1.002920631648936,0.7258183675871165,0.1913880429188829,1597.006281745632,0.3409947240254949,0.17049736201274746,0.01,3273505.713847663,0.02,1,M1_width_fault
-0.19958612497007974,0.8055467356522641,0.8003317,-0.97946199,1.77979369,0.8299037080291851,0.2842062619899115,-1.8677579991956772,0.9046458850398936,0.36532217349613255,0.004645885039893605,0.7678477071976831,0.04241154494525211,0.8048527494647606,1.0044388744348405,0.725436162252431,0.19958612497007988,1593.237250096469,0.34233292179544683,0.17116646089772342,0.01,3296095.645719626,0.02,1,M1_width_fault
-0.1512742162661799,0.8087730580433035,0.8167414000000001,-0.9653577,1.7820991,0.8227987286837916,0.1976195810068648,-1.9071937805799848,0.9197738143378693,0.3655160160710284,0.01977381433786929,0.7696480684027501,0.04379921489771666,0.8441569933919681,0.9954312096581481,0.7258488535050335,0.15127421626617998,1614.0999062438746,0.33887751975618763,0.16943875987809381,0.01,3176821.88775682,0.02,1,M1_width_fault
-0.14918411503654483,0.8097069223650893,0.8176634,-0.9648258799999999,1.78248928,0.8233354117886476,0.19404665682612757,-1.910375310061189,0.9203743955481728,0.3658547521116564,0.020374395548172775,0.7704524239528504,0.043933416576367165,0.8457897313754152,0.9949738464119602,0.7265190073764832,0.14918411503654494,1613.9258622286352,0.33523032036404526,0.16761516018202263,0.01,3171656.0722678155,0.02,1,M1_width_fault
-0.10007969974750827,0.8116160372949984,0.834496,-0.94964493,1.78414093,0.8177631309223886,0.10833290886010219,-1.9351152621596959,0.9354576351495016,0.36536821586300394,0.03545763514950162,0.7709022414162213,0.045509003231241595,0.8854246503521594,0.9855043500996677,0.7253932381849797,0.1000796997475083,1625.3885195832688,0.3169660348125418,0.1584830174062709,0.01,3074782.693043936,0.02,1,M1_width_fault
-0.2047205861860465,0.804480243915279,0.7985373,-0.9808071199999999,1.77934442,0.8301198595735108,0.2936529140118033,-1.8610777891889447,0.9029752591029901,0.3649845107113075,0.0029752591029901243,0.7669771998341224,0.04222804020858669,0.8006222831162791,1.0053428693023254,0.7247491596255357,0.20472058618604627,1591.4750379964541,0.3431480857614073,0.17157404288070366,0.01,3311509.584183446,0.02,1,M1_width_fault
-0.13226806596742022,0.8109197616774874,0.8234037000000001,-0.95975625,1.78315995,0.8216359906636482,0.16412658761025542,-1.9215932861767282,0.9256773058843084,0.3659436428888092,0.025677305884308388,0.7711429737781395,0.044478267633638824,0.8595431353291223,0.9918112012965427,0.7266647061445006,0.13226806596742036,1617.9200640189556,0.32393992030550256,0.16196996015275128,0.01,3133256.5365243303,0.02,1,M1_width_fault
-0.1672960661288181,0.8083039386031708,0.8114085000000001,-0.97033302,1.7817415200000002,0.8254351766817164,0.22601317834775073,-1.8966121114118715,0.9148041688579017,0.36570326675231773,0.0148041688579017,0.7696035833699065,0.04337139858193134,0.8311712821447543,0.9984673482735723,0.7262321847879751,0.16729606612881798,1608.9712798436808,0.3315604361406232,0.1657802180703116,0.01,3217577.417034431,0.02,1,M1_width_fault
-0.1489799813530585,0.8095728858541044,0.8175702,-0.9646231399999999,1.78219334,0.8231666249029417,0.19362132231017326,-1.9104655227087932,0.9204903876994681,0.3658163531511363,0.020490387699468093,0.7703461997288049,0.04390545934518099,0.846000301293218,0.9949802826462766,0.7264407403836239,0.14897998135305857,1612.7127963690452,0.32728784460900573,0.16364392230450286,0.01,3165910.025790486,0.02,1,M1_width_fault
-0.10819277368683508,0.812215815004921,0.8318516,-0.95240944,1.78426104,0.8193901429857201,0.12227659000736846,-1.9338200407955397,0.9329917514960107,0.3658359714658473,0.032991751496010635,0.7716742876002978,0.04530868932624296,0.8788952128490692,0.9870879865359042,0.7263655982740548,0.108192773686835,1623.6574383131717,0.3172563250093734,0.1586281625046867,0.01,3090392.872724027,0.02,1,M1_width_fault
-0.1437055202094415,0.810742905386812,0.8196419999999999,-0.9633592599999999,1.7830012599999998,0.8233804316193795,0.18427595015143985,-1.9155598599539012,0.9221103202460106,0.3661531471067872,0.022110320246010562,0.7712672326871104,0.04416137849261621,0.8502574569514628,0.9939629771609043,0.7271058541944941,0.1437055202094415,1615.1723599167387,0.3300684270544325,0.16503421352721626,0.01,3160518.6667983904,0.02,1,M1_width_fault
-0.12191053294880316,0.8114852465553155,0.8270783,-0.95655909,1.78363739,0.8205915448143508,0.14618488984548128,-1.9271938895411984,0.9287760730385639,0.3658994700860357,0.028776073038563887,0.7713781149801394,0.04483354334859013,0.8678206528224734,0.9897311857712765,0.7265445716315493,0.12191053294880305,1620.5439915487636,0.32083740125857113,0.16041870062928557,0.01,3113586.583911383,0.02,1,M1_width_fault
-0.20326082019946806,0.8052780687139978,0.7991132,-0.9805461799999999,1.77965938,0.8305346043241706,0.290877294988158,-1.8641502716743548,0.9034954439827128,0.3652925679132067,0.0034954439827127315,0.7676839751062334,0.042315456853897274,0.8018649604188829,1.0051257806183511,0.7253685182523362,0.20326082019946823,1591.6207280509716,0.3449460510262869,0.17247302551314345,0.01,3307531.964882602,0.02,1,M1_width_fault
-0.12285653277464319,0.8108701863926653,0.8267230000000001,-0.95692928,1.78365228,0.8201244947115546,0.14778957414869104,-1.9251699932405886,0.9284970165615666,0.36564810743894693,0.028497016561566557,0.7708189609365665,0.044771820224857026,0.8670893647029538,0.9899458974775971,0.7260471407117095,0.12285653277464326,1622.5181523222204,0.3322416544756692,0.1661208272378346,0.01,3121518.944258957,0.02,1,M1_width_fault
-0.16862561861037234,0.8086386640006307,0.8110052,-0.97060472,1.78160992,0.8260333456758604,0.2285079401618975,-1.896761038148973,0.9143489739029257,0.36589368289640345,0.014348973902925666,0.7699606288418854,0.043352694989404604,0.8300360847473403,0.9986617033577128,0.7266079338524808,0.1686256186103725,1606.4660782125438,0.33572866951947367,0.16786433475973683,0.01,3215526.714390922,0.02,1,M1_width_fault
-0.21014803125332443,0.8043633889874495,0.7967088,-0.98243532,1.77914412,0.8313619287548735,0.303440175789142,-1.856355751526411,0.9013258888630319,0.3650668757031763,0.0013258888630318655,0.7670003646666546,0.04210171585734888,0.796251810767952,1.0063998420212767,0.7248986488093057,0.2101480312533247,1588.0984720181432,0.34636167558050796,0.17318083779025398,0.01,3326633.159136219,0.02,1,M1_width_fault
-0.20069783806848407,0.8055195077027264,0.7999860000000001,-0.97980295,1.77978895,0.8301453484149666,0.28624733660555135,-1.866763622097888,0.9042849731715425,0.36533386334001866,0.004284973171542528,0.7678450060000588,0.04239007014208133,0.803936000262633,1.004633838331117,0.7254549358579775,0.20069783806848407,1592.8002494820914,0.3434611354803621,0.17173056774018106,0.01,3299923.5912420107,0.02,1,M1_width_fault
-0.1917579316988032,0.8062632134345512,0.8030127999999999,-0.97717147,1.78018427,0.8287529630156453,0.27009835984259,-1.8754508784398085,0.9070896821476064,0.36544929712735513,0.007089682147606413,0.7683319787351405,0.04262938983259395,0.8112106382147606,1.0029685699135638,0.7257025889025466,0.19175793169880317,1596.7070505572067,0.3403773419192616,0.1701886709596308,0.01,3273601.2185011026,0.02,1,M1_width_fault
-0.17653289365026595,0.8080182172802038,0.808313,-0.97292134,1.78123434,0.827077567098283,0.2426466364206299,-1.8901942663394444,0.9118815498005319,0.3658239827648283,0.01188154980053191,0.7695825108934192,0.04311513184404144,0.823615011469415,1.0001479051196809,0.7264673790493777,0.17653289365026592,1603.459534525127,0.33814179466470407,0.16907089733235203,0.01,3235683.435446052,0.02,1,M1_width_fault
-0.14562924801529253,0.8102080499920306,0.8188980000000001,-0.96374921,1.7826472100000001,0.8231919351824265,0.1877663319820884,-1.91348569625292,0.9214834186502661,0.3659842911900959,0.02148341865026604,0.7708314376571971,0.04406012096343876,0.848668677450133,0.9942979254654255,0.7267713166937583,0.14562924801529253,1614.1692207333247,0.32843901588706026,0.16421950794353013,0.01,3161632.6115726135,0.02,1,M1_width_fault
-0.1128859542852394,0.8120847182403195,0.8301869999999999,-0.9539209099999999,1.78410791,0.8198931810146664,0.1303125782040387,-1.9319149334077343,0.9316090043550531,0.36591105675559776,0.031609004355053094,0.7716857110722409,0.04514983548600587,0.8751658582147607,0.9880518125,0.7265358755862351,0.11288595428523929,1622.7660753637174,0.31887803827523614,0.15943901913761807,0.01,3098817.4538566554,0.02,1,M1_width_fault
-0.13128905501994678,0.8112068400031324,0.8238238999999999,-0.9595402199999999,1.7833641199999999,0.8217623459589143,0.16242545807743872,-1.9225900090008494,0.9259616113696807,0.3660318390997631,0.02596161136968067,0.7713743556296768,0.04453653044482003,0.8603169509308511,0.9916060059507981,0.7268378251848568,0.13128905501994692,1618.412889827222,0.3249076306039858,0.1624538153019929,0.01,3133028.6464440976,0.02,1,M1_width_fault
-0.2092204540525266,0.8046831929160315,0.7970838000000001,-0.9822596600000001,1.7793434600000002,0.8314374536641254,0.3017231316499639,-1.8578139168048755,0.901619093982713,0.3651736621346992,0.0016190939827129824,0.767267148456012,0.0421527038994527,0.7970088031615691,1.0062292572140958,0.7251144445565593,0.20922045405252676,1588.7783813395877,0.347342491325223,0.1736712456626115,0.01,3325441.466344496,0.02,1,M1_width_fault
-0.20006958559175528,0.8054320819975258,0.8001726,-0.97954955,1.77972215,0.8299088370355661,0.2851513904266776,-1.8671027407903324,0.9044772881981382,0.3652895528653085,0.004477288198138196,0.7677576406130361,0.042388788380376075,0.804442424581117,1.0045120101728724,0.72536885223266,0.20006958559175536,1592.9318834373482,0.3423154314361969,0.17115771571809846,0.01,3297008.283162018,0.02,1,M1_width_fault
-0.1532550879017264,0.809121675294117,0.816232,-0.9660468000000001,1.7822788,0.8235077458035986,0.2012386948702289,-1.90674258231549,0.9191140083997343,0.36570438389028354,0.019114008399734317,0.7700100307592246,0.043786274150311916,0.8425012351062416,0.995756323007968,0.7262237566089127,0.15325508790172637,1613.6143984113687,0.32638691450892254,0.16319345725446127,0.01,3182744.578641642,0.02,1,M1_width_fault
-0.19327914799468793,0.8060031447550291,0.8025829000000001,-0.9778148000000001,1.7803977000000002,0.8288533636322825,0.2727925453718951,-1.8733415495139285,0.9065997973107569,0.3653455893854954,0.006599797310756883,0.7680993727501036,0.04260441335280134,0.8099758026361222,1.0032549506308102,0.7254949593973024,0.19327914799468793,1598.2808766485564,0.34693930353102254,0.17346965176551127,0.01,3285725.198224198,0.02,1,M1_width_fault
-0.14321962245683925,0.8095570791361958,0.8195764999999999,-0.96299681,1.78257331,0.8221280463748991,0.18344022376038938,-1.9131233107210524,0.922263292131474,0.36564056771490644,0.022263292131473933,0.7701616851586066,0.04407750394824365,0.850668365059761,0.9938879875166002,0.726084181210363,0.14321962245683928,1616.4652635207294,0.33047166795853333,0.16523583397926667,0.01,3158949.5039946,0.02,1,M1_width_fault
-0.19084359391954783,0.8068644556712858,0.8034704,-0.9771088,1.7805792,0.8291269668548056,0.26839289140891015,-1.8773579572155357,0.9073811398603724,0.3656681086842898,0.0073811398603723655,0.7688510366944258,0.042711215625378586,0.8119592759607713,1.002802869880319,0.7261398210690472,0.19084359391954775,1597.6275741600894,0.34307487210320203,0.17153743605160102,0.01,3274823.731514794,0.02,1,M1_width_fault
-0.12913239793882977,0.8113375551535581,0.8246101000000001,-0.95886734,1.78347744,0.8215496361145718,0.15871639413978567,-1.9238055033474288,0.9265858804188829,0.36602532016565054,0.02658588041888288,0.7714323744368543,0.044614270505434775,0.8620195475066489,0.9911519454454787,0.7268181039314195,0.1291323979388298,1618.9848578862468,0.32436413431183836,0.16218206715591918,0.01,3128906.400934966,0.02,1,M1_width_fault
-0.19179631072093026,0.8058538087355401,0.8028901999999999,-0.9771927800000001,1.78008298,0.8283635589882841,0.2700542385627327,-1.8744670437278292,0.9071226389700997,0.3652753713515544,0.007122638970099682,0.7679540380846399,0.042595771087245535,0.8112317378172759,1.003028048538206,0.7253582669973944,0.19179631072093006,1597.4276940090876,0.345524371111533,0.1727621855557665,0.01,3275099.357131119,0.02,1,M1_width_fault
-0.18744047738466646,0.8062109947782756,0.8045056,-0.97604687,1.78055247,0.8277137794331858,0.2622429264812774,-1.8782346266398637,0.9084227546963161,0.365301872667229,0.008422754696316037,0.768159088218317,0.0427425961623116,0.8147242662927314,1.002164743677398,0.7254164920560054,0.18744047738466652,1600.8792629392115,0.3513170832007073,0.17565854160035366,0.01,3269248.527432532,0.02,1,M1_width_fault
-0.15412738566821813,0.8100269809205028,0.8160408,-0.96646676,1.78250756,0.8245598588532578,0.20265799150876435,-1.9084340243416718,0.918885286768617,0.3661144401101398,0.018885286768617005,0.7708727112632456,0.04383052433782131,0.8418215034940159,0.9959488891622341,0.7270421869254243,0.15412738566821826,1611.8719221918675,0.33301687202043273,0.16650843601021637,0.01,3183354.1713216864,0.02,1,M1_width_fault
-0.10567847087375412,0.8117342550279549,0.8326015,-0.9515433099999999,1.78414481,0.8185844122581397,0.11790351278851442,-1.9335631541833866,0.933787798936877,0.36556623664250215,0.033787798936877,0.7711624389768615,0.04534523291979835,0.880955627232558,0.9866340981063123,0.7258172060570632,0.10567847087375426,1624.6992620498384,0.32039452311469413,0.16019726155734706,0.01,3086089.220400581,0.02,1,M1_width_fault
-0.1532222971328904,0.8093319395557185,0.8162058999999999,-0.96602093,1.78222683,0.8237082376203972,0.20111310792452147,-1.9073977209620299,0.9191575650498338,0.36580327369752763,0.01915756504983379,0.7702137835023698,0.043793023716847755,0.8425537213388704,0.9957760184717609,0.726420759785522,0.15322229713289048,1612.5354951494444,0.33584483100824203,0.16792241550412101,0.01,3179969.7676028362,0.02,1,M1_width_fault
-0.15211397407579785,0.8098922018806263,0.8166922,-0.9657295499999999,1.78242175,0.8240534204626431,0.19919900575370394,-1.9093017583902694,0.9194807494015957,0.3660146118666731,0.01948074940159572,0.7707053061738641,0.04386510322762897,0.8434236109973404,0.9955375850731383,0.7268402029462352,0.15211397407579785,1612.2410074171132,0.3310907052379353,0.16554535261896766,0.01,3176787.4892915892,0.02,1,M1_width_fault
-0.17132157346077126,0.8082561220227519,0.8100144,-0.97134335,1.7813577500000002,0.8262136771564194,0.23328614269711287,-1.8942486324787418,0.9135282680186171,0.36580380737135454,0.013528268018617062,0.7696806088233056,0.043250530046668116,0.8278673876761967,0.9991889611369682,0.7264300787766375,0.17132157346077148,1605.2892813228673,0.3357474538963652,0.1678737269481826,0.01,3221020.8546287837,0.02,1,M1_width_fault
-0.13352031157579788,0.810850222233745,0.8229889000000001,-0.9601178,1.7831067000000003,0.8217698926705772,0.16636822380490057,-1.9208594190857058,0.925277823337766,0.3659492005853445,0.02527782333776596,0.7711134434606357,0.044436679667940335,0.8585175262566489,0.9920378378324469,0.7266767637926954,0.13352031157579802,1617.5775701247028,0.324299238080482,0.162149619040241,0.01,3135757.8180562337,0.02,1,M1_width_fault
-0.21523472209441485,0.8037844619171937,0.7950073999999999,-0.98384447,1.77885187,0.83210302656256,0.31280801085213694,-1.850582115543328,0.8996834615691489,0.3649303882933328,0.0003165384308511099,0.76657462483011,0.04196432189729231,0.7920660240492021,1.007300746143617,0.7246103029328177,0.21523472209441485,1585.5142316825077,0.3480178825389027,0.17400894126945135,0.01,3341999.3993070605,0.02,1,M1_width_fault
-0.18652818900664456,0.8067247655215588,0.8049081,-0.97572788,1.78063598,0.8280082201282258,0.2608849734029946,-1.8801057558157823,0.9087181772757474,0.3655010545128696,0.008718177275747419,0.7686154760627871,0.04279826706657507,0.8154377456112956,1.0019659346179404,0.725817208996212,0.1865281890066448,1600.1297408103985,0.3413278571875009,0.17066392859375046,0.01,3263404.431736535,0.02,1,M1_width_fault
-0.1825021726728724,0.8074693373557512,0.8062874,-0.97462507,1.78091247,0.8278368038448489,0.25341663978801177,-1.88482487668305,0.9099840853723405,0.3657325670718771,0.009984085372340523,0.7692169099021271,0.042938492678850596,0.8187329237699469,1.0012350964428192,0.7262784172232765,0.18250217267287228,1601.006639414291,0.3399531196501859,0.16997655982509294,0.01,3251063.5712067955,0.02,1,M1_width_fault
-0.14523983433887042,0.8100278958697539,0.8190244000000001,-0.96368876,1.7827131600000001,0.822945807186575,0.18704683228570684,-1.9131483616269125,0.9216077504651162,0.36588678658131785,0.021607750465116204,0.7706439735024437,0.04406612796490755,0.8489951966578073,0.9942350309966776,0.7265778455375362,0.14523983433887033,1615.2202420511042,0.3343615472055508,0.1671807736027754,0.01,3163489.798971247,0.02,1,M1_width_fault
-0.17247874486702128,0.8081192143708902,0.8096306,-0.9716497000000001,1.7812803000000001,0.8263205080756061,0.23540751874553262,-1.8931799604125117,0.9131397286901597,0.36577124732088145,0.013139728690159669,0.769579954533771,0.043215312404486235,0.8269002627792553,0.9993790076462766,0.7263646421292848,0.1724787448670213,1604.7995412074972,0.33588796955538086,0.16794398477769043,0.01,3223619.3574695634,0.02,1,M1_width_fault
-0.11293967130984046,0.8117396098707792,0.8301103,-0.9537701999999999,1.7838805,0.819558761522772,0.1305141356089572,-1.9312170769133685,0.931557769481383,0.3657724295704838,0.031557769481383,0.7713748057622368,0.04511590185138744,0.8750877579454789,0.9880274292553193,0.7262589039108494,0.1129396713098404,1622.4025538175413,0.31702299173793824,0.15851149586896912,0.01,3096391.966462001,0.02,1,M1_width_fault
-0.1781463051363032,0.8077531066085702,0.8077194000000001,-0.97334342,1.78106282,0.8271645466710438,0.2455485391962743,-1.888539010868249,0.9113785390292553,0.3657549853236604,0.01137853902925523,0.7693807055600757,0.043053073673781944,0.8223053036402925,1.0004516087765958,0.7263276318862937,0.17814630513630325,1602.6877608107839,0.3379374835468241,0.16896874177341206,0.01,3238923.2248972137,0.02,1,M1_width_fault
-0.20654995834109047,0.804639406869619,0.7978857999999999,-0.98138503,1.7792708299999997,0.8307270673200666,0.29684733892823245,-1.8600831086492557,0.9024773418550533,0.3651077978178819,0.0024773418550533277,0.7671792102803482,0.04218864220520605,0.7992022748703458,1.0057522332114361,0.7249905680751422,0.20654995834109036,1589.754842921189,0.34459881691079897,0.17229940845539948,0.01,3315076.492457244,0.02,1,M1_width_fault
-0.1747508500631649,0.8085757013395624,0.8090269999999999,-0.9725637,1.7815907,0.8272439328242692,0.23941708228829242,-1.89252210826197,0.9124441937832447,0.36600639033112903,0.012444193783244684,0.7700432756651744,0.043211366255140715,0.8250686950498671,0.9998195451130321,0.7268319094100337,0.17475085006316493,1604.5659718518648,0.34003033812944095,0.17001516906472047,0.01,3234096.493033746,0.02,1,M1_width_fault
-0.15713906812832448,0.8097573244109878,0.8150387999999998,-0.96730213,1.7823409299999997,0.824863389398196,0.20810086250714505,-1.9061071478710023,0.917902851263298,0.36607305698415243,0.017902851263297936,0.7706978608995115,0.043735236217872786,0.8393332178756651,0.9964722860039894,0.7269626246816387,0.15713906812832434,1610.7957590393783,0.3335808177972437,0.16679040889862184,0.01,3189860.1186609734,0.02,1,M1_width_fault
-0.16202729812832448,0.809054721353886,0.8131947,-0.9686626899999999,1.7818573899999999,0.825119620105945,0.2166618938937684,-1.901824481910328,0.9164481967420214,0.36591177927876845,0.01644819674202136,0.7701862288760482,0.0435409768590164,0.8354344433942821,0.9974617415226064,0.7266452520170318,0.16202729812832428,1608.7764393054074,0.332433945565473,0.1662169727827365,0.01,3198830.9796966645,0.02,1,M1_width_fault
-0.12495585964428192,0.8115872470417007,0.8260315999999999,-0.95762991,1.78366151,0.8211503068380162,0.1513475366427059,-1.9261448687085116,0.9279124045545213,0.36602664360222614,0.027912404554521264,0.7715574320277558,0.04474795907887476,0.8654343395910904,0.9903901992353723,0.7268094729488811,0.12495585964428191,1620.0717356960051,0.32293379312924075,0.16146689656462038,0.01,3121137.789654367,0.02,1,M1_width_fault
-0.1115362314195478,0.8121402108063168,0.8306841,-0.9534802400000001,1.7841643400000002,0.8197634127770058,0.12802350813328078,-1.932504000926015,0.9319980328789893,0.365897275998469,0.03199803287898928,0.7716994649196216,0.04519656052939958,0.8762297552160904,0.9877659866356383,0.726502904390222,0.11153623141954794,1623.0421600321017,0.31860640331538104,0.15930320165769052,0.01,3096484.487000539,0.02,1,M1_width_fault
-0.1015059440824468,0.8117687046785703,0.8339385000000001,-0.9500864200000001,1.7840249200000002,0.8180903902256722,0.11067747139629285,-1.9351948293760013,0.9350715459109044,0.365483009432561,0.035071545910904334,0.7710951013447679,0.0454640158504463,0.8843183529920212,0.9858242970744681,0.7256310854943215,0.10150594408244684,1624.2115279787247,0.3112288243889053,0.15561441219445266,0.01,3074420.5993360667,0.02,1,M1_width_fault
-0.18085336226396279,0.8071846112250315,0.8066696999999999,-0.97402882,1.78069852,0.8271970353190861,0.25036333637757685,-1.885517203940768,0.9105448924534574,0.3655842950280449,0.010544892453457355,0.7689262185283978,0.042940027083534914,0.8201181258344414,1.0009714880984042,0.7259861914448629,0.18085336226396276,1601.2702738005537,0.33708618981454763,0.16854309490727382,0.01,3243562.984258124,0.02,1,M1_width_fault
-0.16849429238870428,0.808699094318659,0.8110746,-0.97074716,1.7818217600000001,0.826065706659821,0.22813143979072714,-1.8968110841776573,0.9144394499003322,0.3659043639756336,0.01443944990033219,0.7700017902471776,0.043370454176430144,0.8301999124285714,0.9986942048172758,0.7266313360707475,0.1684942923887044,1607.7125307035642,0.342987339664383,0.1714936698321915,0.01,3219845.737624155,0.02,1,M1_width_fault
-0.2005090549667553,0.8058961519278989,0.8001915,-0.9798523200000001,1.78004382,0.8304652243266158,0.28595196002171447,-1.8676404573260128,0.9043217966422872,0.3654808380711876,0.004321796642287157,0.7681810634087148,0.0424323958943415,0.8040672001196808,1.004576255086436,0.7257486675143734,0.2005090549667553,1593.229987720383,0.3454357758090665,0.17271788790453324,0.01,3301984.0536502292,0.02,1,M1_width_fault
-0.15083973805186165,0.809977100572609,0.8171391999999998,-0.96534641,1.7824856099999997,0.823902621689945,0.19696194988413337,-1.9101796523789074,0.9198670863031916,0.36601699205394717,0.01986708630319156,0.7707493754264023,0.04390676881597641,0.8444471079255319,0.9952868459773935,0.7268426066104259,0.15083973805186157,1612.6515909927102,0.3304678017375697,0.16523390086878484,0.01,3173916.7906535207,0.02,1,M1_width_fault
-0.09182485126329787,0.8123363324873124,0.8374284999999999,-0.9471432,1.7845716999999999,0.8175097066019853,0.09400695172930164,-1.9390709818925718,0.9379660273603725,0.3654397357857848,0.03796602736037247,0.7713305181531669,0.045836829237631084,0.8920533557180852,0.9838782069813831,0.7254936889155358,0.09182485126329787,1626.0773258503723,0.30908557991220315,0.15454278995610157,0.01,3061656.4069355833,0.02,1,M1_width_fault
-0.17802878431795552,0.8068935236646605,0.8076193,-0.97330367,1.78092297,0.8262998284991357,0.2452212792222677,-1.8865215499782528,0.9114237985396615,0.3653727574081947,0.011423798539661467,0.768570473995031,0.043000295350875226,0.8224307564719547,1.0004595407899104,0.7255701786441557,0.17802878431795566,1604.6348744442023,0.3476992766700113,0.17384963833500566,0.01,3243019.9786835657,0.02,1,M1_width_fault
-0.1666228415824468,0.808883659407898,0.8117273,-0.97004363,1.78177093,0.8258667845325428,0.22494543861938177,-1.898538017956452,0.9149630469082447,0.3659438804112415,0.014963046908244682,0.7701338296309687,0.043424314852693977,0.8316515418284575,0.9982743834109044,0.7267095147782747,0.1666228415824469,1607.2914494969725,0.33552393921887824,0.16776196960943912,0.01,3211244.4001130383,0.02,1,M1_width_fault
-0.23449563639295212,0.8011770555745281,0.7883855999999999,-0.9891115300000001,1.77749713,0.8347891217944843,0.3483702879534753,-1.8265465999225825,0.8935664525265958,0.3642473058976698,0.006433547473404189,0.7645882279968453,0.041412583006286925,0.776318569524601,1.0108142059175533,0.7231756449905584,0.23449563639295234,1574.8228423669807,0.3520948162479578,0.1760474081239789,0.01,3401443.5915989634,0.02,1,M1_width_fault
-0.15157055596077126,0.8097919920093977,0.8168607999999999,-0.96550099,1.78236179,0.8238547831728634,0.1982982948779527,-1.9093960696069252,0.9196246115359042,0.36595906022806857,0.019624611535904224,0.7705990893456668,0.043871540097359864,0.8438391811070478,0.9954097370678191,0.726727549248307,0.1515705559607713,1612.2743768508603,0.3300832484505198,0.1650416242252599,0.01,3174560.0201831586,0.02,1,M1_width_fault
-0.14366203846409573,0.8106228614500203,0.8195960999999999,-0.9633173599999999,1.7829134599999998,0.8232546415302364,0.18414592972086596,-1.915373451719978,0.9221539380319149,0.36610711800605905,0.0221539380319149,0.771161556045718,0.04414630971577759,0.8503228094414894,0.9939848479055852,0.7270152463299404,0.14366203846409575,1615.06888709746,0.32939544740536264,0.16469772370268132,0.01,3159525.073485196,0.02,1,M1_width_fault
-0.21653440504986707,0.8034273884787878,0.7945017000000001,-0.98413494,1.7786366400000002,0.8320953774226515,0.3151940537627164,-1.8486811951035278,0.8992727843749999,0.3648129231417636,0.0007272156250001105,0.7662788488638228,0.04190647106651627,0.7910055134009308,1.0075399184507978,0.7243723777973066,0.21653440504986698,1584.640271821536,0.3472736043450001,0.17363680217250005,0.01,3344480.529055521,0.02,1,M1_width_fault
-0.13099085164893615,0.8106378881465154,0.8238240000000001,-0.9591691999999999,1.7829932,0.8211530849447964,0.16210154820442163,-1.9215897945920983,0.925985389162234,0.36579357879638524,0.02598538916223403,0.7708506366600499,0.04449273858604349,0.8604898224202127,0.991480674069149,0.7263578980740064,0.1309908516489363,1617.8818890914094,0.3217592911871127,0.16087964559355636,0.01,3128146.4148281883,0.02,1,M1_width_fault
-0.1657298643625498,0.8081422035540472,0.8119124,-0.96972716,1.78163956,0.8249607318574746,0.22333872126956766,-1.897269380058224,0.9152418384794156,0.3656002618518674,0.015241838479415626,0.7694187343970074,0.043394788289208286,0.8323919712616202,0.9981218356241701,0.7260239461077991,0.16572986436254988,1609.1723199806272,0.3378307616526868,0.1689153808263434,0.01,3211659.6230110927,0.02,1,M1_width_fault
-0.19598116383976064,0.8061608308391616,0.8016778999999999,-0.9784917300000001,1.78016963,0.8296408269602421,0.2777465415151125,-1.8718754461789204,0.9057403930851063,0.365491443904245,0.005740393085106321,0.7683229677719808,0.04254502174867523,0.8077497383543882,1.003730902194149,0.7257779460233056,0.19598116383976072,1595.1255533939293,0.3422187463245345,0.17110937316226724,0.01,3287670.687767422,0.02,1,M1_width_fault
-0.12047571324468087,0.8117534304307339,0.8275563999999999,-0.9562498599999999,1.7838062599999998,0.8206448862314801,0.14351053628454533,-1.9283433296462902,0.9292987999667554,0.36597972028675924,0.02929879996675533,0.7715919675637817,0.0448905800348187,0.8690607951329788,0.9895365083776595,0.726701387528963,0.12047571324468065,1621.0913289197003,0.32154168112321674,0.16077084056160837,0.01,3112409.273869061,0.02,1,M1_width_fault
-0.16644783690159567,0.808736085722437,0.8116943999999999,-0.96996455,1.78165895,0.8256869496115761,0.22454678777486978,-1.8984012172849012,0.9150609370678191,0.3658843322241796,0.01506093706781908,0.770000319968072,0.04340873225841897,0.8318369252327128,0.9982847621343086,0.7265915877096529,0.1664478369015958,1607.205762566777,0.33457021445130447,0.16728510722565224,0.01,3209637.0298067164,0.02,1,M1_width_fault
-0.2209800376230053,0.8029667319251235,0.7930216,-0.98539227,1.77841387,0.8328191578046088,0.32339396822783645,-1.8435625283495487,0.8978488693816489,0.3647113115126412,0.002151130618351149,0.7659473604189373,0.04179241495876956,0.787358791000665,1.00833882862367,0.7241549454601678,0.2209800376230051,1582.3690725052766,0.34888201806958447,0.17444100903479223,0.01,3358731.5055309976,0.02,1,M1_width_fault
-0.15321503678856377,0.8096980434229859,0.8162844,-0.9660120900000001,1.7822964900000002,0.8240666047238733,0.20115967301879326,-1.9082921931181593,0.9191268306515957,0.36595835929011483,0.019126830651595705,0.7705525858967743,0.04382234041940014,0.8425192036702127,0.9957342404587765,0.7267302454773742,0.15321503678856374,1611.7654946128782,0.3307244953885905,0.16536224769429525,0.01,3178406.7110728608,0.02,1,M1_width_fault
-0.16342118118525895,0.8088416830880154,0.8128253999999999,-0.9692704400000001,1.78209584,0.8251856462400682,0.21912712278943175,-1.9001237173569803,0.9159891460159362,0.3658279146552715,0.01598914601593615,0.7699957498389325,0.04351735469898691,0.834294299558433,0.9977154807436919,0.7264783951399456,0.16342118118525883,1610.5423705573835,0.3395785168847264,0.1697892584423632,0.01,3209896.162390346,0.02,1,M1_width_fault
-0.1946582714694149,0.8059255070974357,0.801942,-0.97803497,1.7799769699999999,0.8291005763124999,0.2751935059833465,-1.872563043930233,0.9062382684840424,0.3653772671965006,0.0062382684840424085,0.7680918090317918,0.042535178834749596,0.8089090511369681,1.003567322606383,0.7255566301970422,0.19465827146941495,1595.3869013704107,0.3403553237518562,0.1701776618759281,0.01,3281278.6375058373,0.02,1,M1_width_fault
-0.10093521793893129,0.8116782144329131,0.8342692000000002,-0.9501621400000001,1.7844313400000003,0.8179299737785514,0.10962589394045431,-1.9347341362465287,0.935233019382675,0.36539773319061963,0.03523301938267498,0.7709635700609003,0.045503496346716604,0.8847868051941588,0.9857220231330899,0.7254600737141838,0.10093521793893112,1627.2209370959893,0.3139109637142403,0.15695548185712016,0.01,3082934.2102416693,0.02,1,M1_width_fault
-0.13964751350066487,0.8109435736737255,0.8210066,-0.9621410300000001,1.7831476300000002,0.8228796435139415,0.17709455762037699,-1.9180449978166247,0.9233787395279256,0.3661338242048637,0.023378739527925574,0.7713470012641884,0.04428696041643142,0.8535548642586436,0.9932023777593085,0.727060040847757,0.13964751350066495,1616.3216074667678,0.32813386604536654,0.16406693302268327,0.01,3151586.979106952,0.02,1,M1_width_fault
-0.1368102756687687,0.8104180400399935,0.8219595000000001,-0.96129636,1.7832558600000001,0.821884694559297,0.1721155867869602,-1.9179790393819667,0.924226562860936,0.3658203713348375,0.02422656286093594,0.7707703039414512,0.044339991665817986,0.855843152442748,0.9926534281115167,0.7264303122756331,0.1368102756687687,1619.2021953831586,0.3381998875840657,0.16909994379203286,0.01,3151084.6715337425,0.02,1,M1_width_fault
-0.10095992105315617,0.8118936877507436,0.8342941,-0.9500381,1.7843322000000001,0.8181468485966082,0.10983697151729094,-1.9353658850602857,0.9351651367441862,0.3654960782519327,0.0351651367441862,0.771169642170701,0.045515645253308555,0.8846923393787375,0.9856522604318938,0.7256539969173925,0.10095992105315632,1625.6518561869352,0.3126450339552884,0.1563225169776442,0.01,3078427.965084059,0.02,1,M1_width_fault
-0.2313018513654485,0.8013561983753574,0.7894888000000001,-0.9882498000000001,1.7777386000000002,0.8340697231764795,0.3424964165265059,-1.829939620494758,0.8945411761129568,0.36424056109314734,0.005458823887043218,0.7646714416965259,0.04149632498471121,0.7788977425880399,1.0101995939534885,0.7231751167118147,0.23130185136544856,1577.5080870243703,0.3573453098985637,0.17867265494928186,0.01,3393790.4673978174,0.02,1,M1_width_fault
-0.211188648387633,0.8043665427406729,0.7964499,-0.9827299199999999,1.77917982,0.8316286312341453,0.30545755638373967,-1.8553757016590064,0.900937658011968,0.36508212326908374,0.00093765801196799,0.7670179761895879,0.042092088719676374,0.7953432667386968,1.00653191512633,0.7249258874699115,0.21118864838763307,1587.674595856287,0.34751481433094455,0.17375740716547228,0.01,3330623.2371631116,0.02,1,M1_width_fault
-0.15217595547207446,0.8099247479084916,0.8166825999999999,-0.9657614800000001,1.7824440799999999,0.824096850314617,0.19930655507564268,-1.9093292267072666,0.9194607565159573,0.36602855914038684,0.019460756515957245,0.7707358561507355,0.04386711489891003,0.8433726737167554,0.9955486291888298,0.7268687412518254,0.1521759554720744,1612.258100532532,0.33132635149287193,0.16566317574643596,0.01,3177196.639293823,0.02,1,M1_width_fault
-0.1875926777840532,0.8063227520562907,0.8043946999999999,-0.97597179,1.78036649,0.8278571091932606,0.262575775389778,-1.8785827519617422,0.9083948303986711,0.3653706265841956,0.00839483039867106,0.7682831027495717,0.04273034603368813,0.814605762614618,1.0021984403986712,0.7255527567158836,0.1875926777840532,1599.3085657921893,0.3450596130467417,0.17252980652337085,0.01,3264075.0063164853,0.02,1,M1_width_fault
-0.16030151467752657,0.8095128244295607,0.813934,-0.9682406099999998,1.7821746099999998,0.8252318392572079,0.2136799346973808,-1.9037393147107058,0.9169368305186171,0.36605129919859997,0.016936830518617052,0.7705544101220105,0.04363309177938802,0.8367859747506649,0.9970874894281914,0.7269213183426225,0.1603015146775265,1609.6982498275318,0.33414601093356083,0.16707300546678042,0.01,3197152.2530652657,0.02,1,M1_width_fault
-0.14869075379401994,0.8101782011426353,0.8179636,-0.96483501,1.78279861,0.8237096927137317,0.19328335582126382,-1.9115568946859138,0.9205694625249169,0.3660271090855421,0.02056946252491687,0.77086208187001,0.043994837295794134,0.8462075691960133,0.9948983229900332,0.7268672445742159,0.14869075379401997,1614.599120463185,0.3325862495411677,0.16629312477058386,0.01,3173782.920257596,0.02,1,M1_width_fault
-0.17367739269946808,0.8084710406909627,0.8093387999999999,-0.9721795099999999,1.7815183099999998,0.826915509813919,0.23749176574545922,-1.8930640878405096,0.9127823791555851,0.36594041021649093,0.01278237915558511,0.7699251199835091,0.043223531794645484,0.825943599155585,0.999620991855053,0.7267015881888637,0.17367739269946803,1604.793173564586,0.33872473360843797,0.16936236680421898,0.01,3229946.6578052975,0.02,1,M1_width_fault
-0.12823576279920215,0.8112482981907019,0.8248597000000001,-0.95855806,1.78341776,0.8213210165203392,0.15711683835147056,-1.9240463103504724,0.9268854788896276,0.36597016248769726,0.026885478889627556,0.7713316695343413,0.044627003508056456,0.8627674721077127,0.9910032349069148,0.7267046660262848,0.12823576279920212,1619.0819112942568,0.32319631639183793,0.16159815819591897,0.01,3126163.2190310867,0.02,1,M1_width_fault
-0.16716355148271278,0.8090291924098277,0.8115649,-0.9702978000000001,1.7818627,0.8261185672260439,0.22583765043740256,-1.8984919864795402,0.9148216309507978,0.36601621111057386,0.014821630950797804,0.7702782773619093,0.04342526023897751,0.8312397646409573,0.9984033161236702,0.7268530171229318,0.1671635514827129,1607.289366335992,0.33674666974237466,0.16837333487118733,0.01,3213942.6365284775,0.02,1,M1_width_fault
-0.21547500342752654,0.8038956378594243,0.7949846999999999,-0.9839474100000001,1.77893211,0.832272595771063,0.3132859233791538,-1.8505585124285215,0.8995932960438829,0.3649789014300655,0.00040670395611708265,0.7666794158414257,0.04197228578646365,0.7918557214394946,1.0073307248670214,0.7247071300549621,0.2154750034275268,1585.519761788308,0.3488771153088945,0.17443855765444724,0.01,3343744.401528592,0.02,1,M1_width_fault
-0.14423332343417555,0.8106203706893278,0.8194835999999999,-0.9634510300000001,1.78293463,0.8233520735173809,0.18530822156556423,-1.9150129034009722,0.921894138331117,0.3661104678472419,0.021894138331116975,0.7711632375471502,0.04414290854477844,0.8497773606748671,0.9940106841090426,0.7270203290023718,0.1442333234341755,1614.916703866582,0.32979398880772437,0.16489699440386218,0.01,3160994.9425998083,0.02,1,M1_width_fault
-0.1994168726363032,0.8054893093619315,0.8003346,-0.9794069400000001,1.77974154,0.8298072767747973,0.28383041291664857,-1.8678228931617478,0.904735546775266,0.3653003360744891,0.004735546775265997,0.7677972994660672,0.04240323390182895,0.8050270431216755,1.0044439157579788,0.7253940655642382,0.19941687263630326,1593.2522253503098,0.3417969451167232,0.1708984725583616,0.01,3295066.0656090057,0.02,1,M1_width_fault
-0.17783105428523935,0.8081291364817378,0.8079293999999999,-0.9733867200000001,1.78131612,0.827463947914904,0.24494837451455484,-1.889503402840274,0.9114735459441489,0.36589476196629367,0.011473545944148844,0.7697087665648389,0.04310143274825239,0.822557941525931,1.0003889958111702,0.7266073338165865,0.17783105428523927,1603.1658962021793,0.3397923505041965,0.16989617525209824,0.01,3240656.7238622704,0.02,1,M1_width_fault
-0.22255122490691487,0.8030931583600565,0.7925462000000001,-0.98596882,1.77851502,0.8333592674904977,0.3262160346641617,-1.8423289913239038,0.8973812764960107,0.36479396489173105,0.0026187235039892842,0.7660925881180451,0.04177924443131144,0.7861056004587765,1.0086568253656913,0.7243133436867337,0.2225512249069148,1581.8567837887545,0.35093615444926374,0.17546807722463187,0.01,3365955.4336184305,0.02,1,M1_width_fault
-0.18122235424534575,0.8071317490885696,0.8065142,-0.97414503,1.78065923,0.8272262097304456,0.25097209369347545,-1.8851726588868265,0.9104565920212767,0.36557411867834755,0.01045659202127669,0.7688898590332786,0.04292332271618266,0.8198453336203457,1.0010676878656917,0.7259665363170958,0.18122235424534594,1601.1074537347085,0.3370337205706844,0.1685168602853422,0.01,3244385.769326203,0.02,1,M1_width_fault
-0.17185944850731383,0.8082088144217543,0.8098479000000001,-0.9714840199999999,1.78133192,0.8262791040261492,0.234288257918057,-1.8937796524097752,0.9133469205784576,0.3657975174081855,0.013346920578457544,0.7696509268379533,0.04323374619104764,0.827417098600399,0.9992765471077126,0.7264171806469057,0.1718594485073136,1605.074155501933,0.33591605892598964,0.16795802946299482,0.01,3222345.0656593046,0.02,1,M1_width_fault
-0.18780868740026596,0.8070590493976674,0.8044733999999999,-0.97620429,1.7806776899999999,0.8286232028356901,0.2629152682723681,-1.8800774640195124,0.9083380344414894,0.3656816194241983,0.008338034441489395,0.7689622623994078,0.04278946708220216,0.8144336153257979,1.0022423027260638,0.7261727953172057,0.1878086874002659,1598.8531132393475,0.34193846235574094,0.17096923117787047,0.01,3265846.743833779,0.02,1,M1_width_fault
-0.1571241380053191,0.8095743828819777,0.8149539,-0.96725131,1.7822052099999999,0.8246809541650938,0.20801137791631907,-1.9057899373500868,0.9179474903922872,0.3660049531283292,0.017947490392287158,0.7705383842207943,0.043710836309742124,0.8393853200066489,0.9965094580119681,0.7268275479110522,0.1571241380053192,1610.6226251207934,0.33263391995123803,0.16631695997561902,0.01,3188477.4523548447,0.02,1,M1_width_fault
-0.1862911778158245,0.8073415586892592,0.8050394999999999,-0.9758129600000001,1.78085246,0.8285558492454262,0.26018165843089247,-1.8817811247955962,0.9088163910904257,0.36576518755199244,0.008816391090425646,0.7691862373204553,0.042846458213593674,0.8156707323238033,1.0019619101396275,0.7263397791068616,0.18629117781582427,1599.639440329542,0.3422518834659707,0.17112594173298534,0.01,3262773.491581063,0.02,1,M1_width_fault
-0.0864583795681063,0.8117705705873671,0.8390867000000001,-0.9453417999999999,1.7844285,0.816361752331209,0.08468700074556099,-1.9391818113231696,0.9396744814950166,0.36506229560811326,0.03967448149501662,0.7706668804350687,0.045956589934707574,0.8964520343521595,0.9829104139202658,0.7247102905003612,0.08645837956810631,1627.256126400376,0.3106012068199071,0.15530060340995355,0.01,3052898.372451991,0.02,1,M1_width_fault
-0.17527860738364362,0.8082794179721405,0.8087531,-0.9726420200000001,1.78139512,0.8270660237996309,0.2403190380817623,-1.8916022331372317,0.9122967509640957,0.3658985555915059,0.01229675096409566,0.7697878961805366,0.04316945288837698,0.8246573709075796,0.9999359782912235,0.7266184432921596,0.17527860738364387,1604.1200234899743,0.33877831681148685,0.16938915840574342,0.01,3233600.722181305,0.02,1,M1_width_fault
-0.1579498316655585,0.8098339941260162,0.8147877000000001,-0.96759627,1.7823839700000002,0.8250934779558463,0.20951149706409256,-1.9057820902972282,0.9176705803523936,0.36612858334890946,0.01767058035239355,0.7707911483498031,0.043718850249128256,0.8386955737865692,0.9966454054521275,0.7270722981006749,0.15794983166555832,1610.653886804549,0.33452712570870324,0.16726356285435162,0.01,3192733.3258953416,0.02,1,M1_width_fault
0.04572475275930849,0.8060010600081846,0.8650856,-0.9151065,1.7801921,0.8072970096248451,-0.1825854785787986,-1.9114216681155702,0.9959824697140959,0.35965058452038895,0.09598246971409585,0.7622847058123898,0.04948582462912048,1.0188435489029257,0.9731187961436171,0.7127988811832694,0.04572475275930865,1609.802844713183,0.3007704568867837,0.15038522844339186,0.01,2957899.0501758996,0.02,2,M2_width_fault
0.017162682247340414,0.8098261732408659,0.8618856,-0.9208794999999999,1.7827650999999998,0.8100080175701153,-0.12079558860148731,-1.932873776587907,0.9819140691821809,0.36196915201345253,0.08191406918218092,0.7665240360698917,0.04886481642553654,0.9904559651263298,0.9732932828789893,0.7176592196443552,0.01716268224734052,1620.6198119298642,0.348096026394531,0.1740480131972655,0.01,2969608.8018305483,0.02,2,M2_width_fault
0.06699945641622342,0.803359722243302,0.8675096999999999,-0.910817,1.7783267,0.8061487272723964,-0.2290298918878222,-1.8923039601846396,1.006363900332447,0.35807799962063863,0.10636390033244691,0.7593727854599764,0.04998181932821966,1.0398631720412232,0.9728637156249998,0.7093909661317568,0.0669994564162234,1599.8134630981117,0.3070428336058525,0.15352141680292625,0.01,2960366.8318071505,0.02,2,M2_width_fault
0.06016164946808508,0.8039679619015375,0.8667174999999999,-0.9120443999999999,1.7787618999999997,0.8062157948284273,-0.2138841840915865,-1.898401416112084,1.0029929148271277,0.3584821227398631,0.10299291482712769,0.7600878371116487,0.04980002593215828,1.033073354587766,0.9729117051196808,0.7102878111794905,0.06016164946808511,1602.9859980708372,0.3024909614392433,0.15124548071962166,0.01,2956922.3888111627,0.02,2,M2_width_fault
0.09943031559175529,0.7976664532820137,0.8706577999999999,-0.9038045000000001,1.7744623000000002,0.8038396347221147,-0.301041318086299,-1.8528912352211415,1.0223943228723404,0.35499159944033176,0.12239432287234042,0.7534059425262554,0.05066238524376411,1.0721092877327127,0.9726789721409574,0.7027435572824913,0.0994303155917553,1579.8564947520827,0.3148018293608402,0.1574009146804201,0.01,2967966.519569551,0.02,2,M2_width_fault
0.109616302393617,0.7948882819191764,0.8714427,-0.9011910000000001,1.7726337,0.8024108140365938,-0.3237291390927652,-1.8367853848185671,1.0274305574135636,0.35359763091408375,0.12743055741356357,0.7506102881875953,0.050822592569679144,1.082238446775266,0.9726221443816488,0.6997876956179162,0.10961630239361708,1571.9164613219523,0.3131348200256621,0.15656741001283106,0.01,2967216.897530673,0.02,2,M2_width_fault
0.09859612369731167,0.7966080559572983,0.8705425,-0.9036339000000001,1.7741764,0.8026864832699014,-0.29861868759617594,-1.8514697011192505,1.0219369707268504,0.35454043841315924,0.12193697072685039,0.7524206449432514,0.050578139523869026,1.0712536551277796,0.9726575314304678,0.7018425054193824,0.09859612369731174,1582.1373213417553,0.31873725940757563,0.15936862970378782,0.01,2968682.847064199,0.02,2,M2_width_fault
0.05199428105053193,0.8051373531748104,0.8657375,-0.9138261,1.7795636,0.8068144537248333,-0.1962810821757166,-1.9059704273154476,0.9990806346409575,0.3591544360969246,0.09908063464095751,0.7613529594207837,0.049616570432571463,1.0250775232380318,0.9730832421874999,0.7117363889882122,0.05199428105053194,1606.922830407653,0.30155446406444303,0.15077723203222151,0.01,2957146.944134016,0.02,2,M2_width_fault
0.056137681794019914,0.8045390214596769,0.8663804,-0.9129609999999999,1.7793413999999999,0.806495180623233,-0.2049762856775746,-1.9020820384767188,1.0010038513289037,0.35879609054598643,0.10100385132890366,0.7606898396619414,0.0497244611486526,1.029079332026578,0.9729416502325581,0.7109653785132888,0.05613768179402001,1606.1516333797913,0.30687360636372557,0.15343680318186279,0.01,2960776.8775439714,0.02,2,M2_width_fault
0.049071271043883,0.8057115610857843,0.8655333,-0.9144504,1.7799836999999998,0.8072045027805245,-0.18980301195527094,-1.9089045562621252,0.99758120887633,0.3594528884197533,0.09758120887632993,0.7619411806188554,0.04957362538000495,1.0221167706781915,0.9730454996343085,0.7123675552388504,0.04907127104388298,1608.4705431241096,0.30178765032355026,0.15089382516177513,0.01,2958658.563257554,0.02,2,M2_width_fault
0.07871714298537238,0.8013271426536916,0.8686248,-0.9082947,1.7769195,0.8051841889613267,-0.2549197661343793,-1.879096595215855,1.0121787619348404,0.35697544185473506,0.11217876193484033,0.7572429884649653,0.050216773239530166,1.051537054488032,0.9728199115026596,0.7070262152254352,0.07871714298537247,1593.0415305418107,0.3091008407226554,0.1545504203613277,0.01,2961060.226165925,0.02,2,M2_width_fault
0.06371180854388299,0.8033255335539969,0.8669372000000001,-0.9113494,1.7782866,0.8058480671986169,-0.22190346129923783,-1.8945958438896588,1.0048524336103724,0.358143719310901,0.10485243361037233,0.7594245937086577,0.0498580655526962,1.0367078723071808,0.9729960637632978,0.7095665281559614,0.06371180854388292,1600.9966514075948,0.30325255521519406,0.15162627760759703,0.01,2956230.076457156,0.02,2,M2_width_fault
0.07091620069767446,0.8019213667834044,0.8677949999999999,-0.9097177,1.7775127,0.8050509213864401,-0.2373664787126169,-1.8864570330668082,1.0083142620265781,0.35738388917478997,0.10831426202657812,0.7579537227431593,0.05000712047609696,1.0437787726245846,0.9728625719269103,0.7079466022670623,0.07091620069767435,1598.0535855769542,0.30832689156053994,0.15416344578026997,0.01,2958739.16075678,0.02,2,M2_width_fault
0.029943665492021293,0.8079659125053749,0.8633470999999999,-0.9181857999999999,1.7815328999999998,0.8085205865491251,-0.14806058501224856,-1.923656457187097,0.9881710798204787,0.3608585913024718,0.08817107982047867,0.7644775786175096,0.0491304564257716,1.0031239352726062,0.9731802697805852,0.715347122191738,0.029943665492020988,1616.0576129554238,0.32393152273620096,0.16196576136810048,0.01,2961441.1521621584,0.02,2,M2_width_fault
0.0484352427526596,0.8052369269621481,0.8653934000000001,-0.9142836,1.779677,0.8066923089282263,-0.18815373587697015,-1.9084266679864375,0.9972168025598406,0.3592698758782644,0.09721680255984055,0.7615190990783889,0.0495167884623896,1.0214331044215426,0.972997861668883,0.7120023106159993,0.048435242752659535,1608.2402904277126,0.2993747259390481,0.14968736296952406,0.01,2954638.3054809035,0.02,2,M2_width_fault
0.011774297805851042,0.8103082581697336,0.8611955,-0.9218697,1.7830652,0.8103937976976926,-0.1093977600527436,-1.9358832977621228,0.9792499831781916,0.3623240595711768,0.07924998317819154,0.7671235590221835,0.04872361356444488,0.9850905057845745,0.9733162079787234,0.7183999454577387,0.011774297805851042,1622.0293999254613,0.3597628524835512,0.1798814262417756,0.01,2971731.476836533,0.02,2,M2_width_fault
0.03740624401595739,0.8074174758355144,0.864338,-0.9168715000000001,1.7812095000000001,0.8082834944349506,-0.16435364438299382,-1.9187554176965118,0.9918164500332448,0.3604259318023427,0.09181645003324479,0.7637704282180858,0.04934156032856372,1.0105124226396278,0.9731061786236702,0.7144288678895221,0.0374062440159576,1613.6589372372437,0.308768021878329,0.1543840109391645,0.01,2961980.72624298,0.02,2,M2_width_fault
0.05648339953519259,0.8041255538601149,0.8664141000000001,-0.9128236999999999,1.7792378,0.8061068668569252,-0.20556727011970025,-1.9009292793763715,1.001175222310757,0.3586056373803607,0.10117522231075704,0.7602902321833176,0.04971282877585185,1.0294304777224437,0.9729470781872509,0.7105774034074658,0.05648339953519277,1606.8435531797859,0.3032984158178507,0.15164920790892536,0.01,2962048.916734873,0.02,2,M2_width_fault
0.03055012047872344,0.8083492201180531,0.8635815000000001,-0.9182589,1.7818404,0.8089263078468453,-0.14942677740056565,-1.9240234551216038,0.988437299900266,0.36098434953418396,0.08843729990026594,0.7647959609839722,0.04919471969298274,1.003697649368351,0.9731475288896276,0.7156012412909895,0.030550120478723297,1616.3431640682702,0.31989355394395125,0.15994677697197562,0.01,2964575.934955441,0.02,2,M2_width_fault
0.018155107613031914,0.809757960061443,0.8620386000000001,-0.9206935999999999,1.7827321999999999,0.809961456993671,-0.12286940082116887,-1.9323347167849465,0.9823845126329787,0.36191085134226253,0.08238451263297863,0.7664303151749288,0.04889489427842938,0.9914249000332446,0.9732697924202127,0.7175354208964994,0.01815510761303185,1620.3763733621859,0.3457098827995234,0.1728549413997617,0.01,2969426.133606251,0.02,2,M2_width_fault
0.06116983663563827,0.8039840724435944,0.8667585,-0.911983,1.7787415,0.8063077189615746,-0.21634574413095842,-1.8976741528576946,1.0035832680186172,0.35847527169332793,0.10358326801861717,0.7600880894131864,0.04982565516423444,1.0341678517952129,0.9729980151595745,0.710262434248952,0.06116983663563835,1602.5831174095158,0.30373198647444644,0.15186599323722322,0.01,2958146.3868117966,0.02,2,M2_width_fault
0.04506713507313826,0.8060579234344587,0.865006,-0.915227,1.780233,0.8073168043557449,-0.1811462848125943,-1.911911782278147,0.9956606617353723,0.35968921929363507,0.09566066173537224,0.7623522605033983,0.04946893783635672,1.0181922044215426,0.9731250693484041,0.7128833226670416,0.04506713507313842,1610.060886808175,0.3010367327524352,0.1505183663762176,0.01,2957773.5288645267,0.02,2,M2_width_fault
0.06735989029900336,0.8024954254864142,0.8673966999999999,-0.9105061,1.7779028,0.8053174918923063,-0.22962602175764257,-1.890242704158645,1.006593046511628,0.3577026325251993,0.10659304651162793,0.7585631630210234,0.049929948720452,1.0402794796345516,0.9729195893355482,0.7086332143005715,0.06735989029900336,1599.9982837778073,0.3076284806779852,0.1538142403389926,0.01,2958456.1414597393,0.02,2,M2_width_fault
0.07485467084441493,0.8020627557495055,0.8682686,-0.9091555,1.7774241,0.8055481896868223,-0.24638540088277777,-1.8836970974260145,1.0102641557180851,0.35736705319280815,0.11026415571808512,0.7580058932858369,0.0501429044834823,1.0476910493018619,0.9728363784574469,0.7078629888023547,0.074854670844415,1595.387877795518,0.3087112906423797,0.15435564532118984,0.01,2961029.195386404,0.02,2,M2_width_fault
0.032707000465116334,0.807462834557583,0.8636664000000001,-0.9177054000000001,1.7813718,0.8081249761461353,-0.15405255454160738,-1.921135737772893,0.9895800112292359,0.3605678066869146,0.08958001122923587,0.763933851153447,0.049187208926614684,1.0059261344518273,0.9732191339867109,0.7147466422268324,0.03270700046511643,1616.0657892009203,0.31915988985073995,0.15957994492536998,0.01,2963267.5526688797,0.02,2,M2_width_fault
0.11116096994680849,0.7944663143734292,0.8715523,-0.9008016000000001,1.7723539000000001,0.802205388858499,-0.32720509306124484,-1.834255727867568,1.0282055572140958,0.353387494581802,0.12820555721409577,0.7501868427508653,0.05084650325715932,1.0837858824135638,0.9726249124667553,0.699340339493706,0.11116096994680846,1570.6753227972536,0.31289548169213216,0.15644774084606608,0.01,2967268.466608687,0.02,2,M2_width_fault
0.10893299448504988,0.7946181263034238,0.8713548999999999,-0.9012543,1.7726091999999998,0.8020501006405046,-0.3220017820451757,-1.8369275508590017,1.0271152950830564,0.35348922936730326,0.1271152950830564,0.7503655330215615,0.05078695012507511,1.0815882553488372,0.9726552608637873,0.6995785828964864,0.1089329944850499,1573.175553353794,0.31559063492689665,0.15779531746344833,0.01,2967865.7060767654,0.02,2,M2_width_fault
0.09646482230718088,0.7975126824419372,0.8702771999999999,-0.9040992,1.7743764,0.8033255508189007,-0.29407725299448356,-1.8556259415025678,1.020876279055851,0.35498257201331984,0.12087627905585097,0.7533226191190933,0.05055167848156615,1.069108456881649,0.9726436345744681,0.7027709406375271,0.09646482230718079,1581.2427931897787,0.3099189235886135,0.15495946179430675,0.01,2961600.5574934776,0.02,2,M2_width_fault
0.0676617890292553,0.8026383189503963,0.8673382000000001,-0.910471,1.7778092,0.8054851884064397,-0.23053137378268582,-1.8903857171248946,1.0067930185837766,0.3577721395765145,0.10679301858377654,0.7587055099340327,0.04993504877543495,1.0406235842752658,0.9729617952460107,0.7087704611585978,0.06766178902925513,1598.8211118554593,0.30404186045469334,0.15202093022734667,0.01,2955932.415424281,0.02,2,M2_width_fault
0.0746855390957447,0.8021344944586292,0.8682854999999999,-0.9091904,1.7774758999999998,0.8056039206399276,-0.24597064980734104,-1.8839893232719955,1.01016270418883,0.3574015239401903,0.1101627041888299,0.7580759917899426,0.05014321718470554,1.047504978856383,0.9728194397606382,0.7079327746052371,0.07468553909574482,1595.537430891203,0.30885864018315395,0.15442932009157698,0.01,2961320.9911322263,0.02,2,M2_width_fault
0.012254502293882984,0.8104391710791723,0.8613118000000001,-0.921867,1.7831788,0.8105318148265167,-0.11041660995667993,-1.9359184716681344,0.9794847124335105,0.36235419512312145,0.07948471243351052,0.7672185296589299,0.04875837660082691,0.9855665028922872,0.9733120005984043,0.718460153058103,0.012254502293882918,1622.1069293115534,0.35772538288509215,0.17886269144254607,0.01,2972795.7703429777,0.02,2,M2_width_fault
0.09536469960106383,0.7981109488274293,0.8702553,-0.9045158000000001,1.7747711000000002,0.803788226194077,-0.2917311214203132,-1.8578475837677486,1.0203386934840426,0.35526211451337314,0.12033869348404258,0.7539024245164369,0.05055577289134929,1.0680207071476062,0.9726560075465426,0.7033466516250876,0.09536469960106364,1582.3436367328509,0.3116977679579842,0.1558488839789921,0.01,2964009.767203996,0.02,2,M2_width_fault
0.08726717187500002,0.7993659446775774,0.8694378,-0.9061753,1.7756131000000002,0.8041153355068764,-0.27358472255732813,-1.8679213787399673,1.0163283192486703,0.35596215407803067,0.11632831924867026,0.7552391913693998,0.05036779659016409,1.0599615869015957,0.9726944150265956,0.7048713947792357,0.0872671718750001,1587.4005443973126,0.30766906474312766,0.15383453237156383,0.01,2959698.7880948763,0.02,2,M2_width_fault
0.0776316169880319,0.8010402445100419,0.8684419000000001,-0.9082896,1.7767315000000001,0.8047932288985068,-0.2523223751656206,-1.8794907396535638,1.0116210868018618,0.35687841727517783,0.11162108680186178,0.7570033848473448,0.050157401535747326,1.0504365870345747,0.9728049700465425,0.7068459833115974,0.07763161698803211,1593.2523598386645,0.30640047492828015,0.15320023746414008,0.01,2957444.811990365,0.02,2,M2_width_fault
0.05868285834441492,0.8042693095776285,0.8665696,-0.9124008000000001,1.7789704000000002,0.8064073413554381,-0.21068779515022198,-1.8999833044621326,1.002269132513298,0.3586391196849445,0.10226913251329794,0.7603967719874135,0.049776053017759406,1.031609977293883,0.972927118949468,0.7106207189696541,0.05868285834441489,1603.8032783297772,0.3030972985216106,0.1515486492608053,0.01,2957524.7462901263,0.02,2,M2_width_fault
0.05485242470079788,0.8048431284013668,0.8661397,-0.9132277,1.7793674,0.806710139908044,-0.20238854635189502,-1.9036141859068103,1.0004177653922874,0.3589652472627821,0.10041776539228742,0.7610134105024632,0.049692380643595074,1.0278436706449467,0.972991245944149,0.7113210298588681,0.054852424700797764,1605.6942695539499,0.3026684238562564,0.1513342119281282,0.01,2957767.054668109,0.02,2,M2_width_fault
0.0443723243018617,0.8064058479266817,0.8651093999999999,-0.9153912999999999,1.7805006999999997,0.8076257145078406,-0.17945052500178982,-1.9130241328767947,0.9952135212765958,0.35984242260384564,0.09521352127659577,0.7626796081160777,0.04948433222804162,1.017397973238032,0.9730256489361702,0.7131952758880361,0.04437232430186189,1610.6583313179162,0.3015948448065833,0.15079742240329164,0.01,2959749.3030161415,0.02,2,M2_width_fault
0.03598133317819147,0.8073417656357165,0.8641096999999999,-0.9170356999999999,1.7811453999999998,0.8081431697892869,-0.16116264262005453,-1.919383265609414,0.9911142336103723,0.3604354232124003,0.0911142336103723,0.7637412624107298,0.04928537765543806,1.0090950987034573,0.9731137655252659,0.7144558847552918,0.03598133317819141,1613.9545279862314,0.31235554750156436,0.15617777375078218,0.01,2960481.4878044785,0.02,2,M2_width_fault
0.07822181837209305,0.8005656291007007,0.8684968,-0.9080870999999999,1.7765838999999999,0.8043780077593106,-0.25344067894526723,-1.8779789499819768,1.0119154421594685,0.3566568123048791,0.11191544215946847,0.7565411768056445,0.05015119535595836,1.051032779767442,0.9728109613953488,0.7063899814496861,0.07822181837209308,1593.714815427938,0.30921605468744434,0.15460802734372217,0.01,2958768.7813457064,0.02,2,M2_width_fault
0.0752311803856383,0.8016114790446375,0.8682297000000001,-0.9088926,1.7771223000000003,0.8051339601819985,-0.24708944234264324,-1.8825432110702225,1.0104398365359044,0.35716895115883646,0.11043983653590439,0.757581653443593,0.050120771742821014,1.0480551546874999,0.9728239743018617,0.7074608817007719,0.07523118038563814,1594.807783462766,0.3067901670003337,0.15339508350016684,0.01,2958266.4445303055,0.02,2,M2_width_fault
0.11085544617686172,0.7945621080937748,0.8715993999999999,-0.9008333,1.7724327,0.8022579844199088,-0.32638431828212405,-1.8348384143946401,1.0279929031582447,0.35342918255770905,0.12799290315824463,0.7502771813582165,0.05084843483296259,1.083420427393617,0.9725649812167553,0.6994287465252539,0.11085544617686172,1570.9758331747562,0.31278842761018283,0.15639421380509141,0.01,2967343.368108576,0.02,2,M2_width_fault
0.054250433787375436,0.8043470915533407,0.8660026000000001,-0.9132023,1.7792049,0.8061745178659745,-0.20089647940072214,-1.9029168259744647,1.0001424142524917,0.35876258098606234,0.10014241425249171,0.760562090451378,0.04964005627566139,1.0272741850830565,0.9730237512956811,0.7109220341757166,0.054250433787375374,1606.592077787734,0.30408886376975786,0.15204443188487893,0.01,2957490.539802256,0.02,2,M2_width_fault
0.08039416429521279,0.8007293729887079,0.8687465,-0.9077755,1.776522,0.8047550872281672,-0.25848800212698425,-1.8765556020167287,1.0129816750664893,0.3566863736876246,0.11298167506648926,0.7566525318057482,0.05023041672084795,1.0531783526928191,0.9727841883976063,0.7064221150849003,0.08039416429521284,1591.75809615287,0.30783484995096627,0.15391742497548314,0.01,2959142.060662388,0.02,2,M2_width_fault
0.03649232982047876,0.8074765862754042,0.8641480000000001,-0.9170790999999999,1.7812271000000002,0.8083007655066936,-0.16249276004946606,-1.9193277873949666,0.9914401943484044,0.3604816390308096,0.09144019434840434,0.763855836555775,0.04930753241140795,1.009678214162234,0.9731858843417552,0.7145483041443671,0.036492329820478786,1613.935895231403,0.31027419799636174,0.15513709899818087,0.01,2961801.500062566,0.02,2,M2_width_fault
0.11202165836653387,0.7938212236080502,0.8717891999999999,-0.9004848999999999,1.7722740999999997,0.8016863395329688,-0.3285974335069471,-1.8319825971952692,1.0285546162350598,0.35307135287840297,0.12855461623505982,0.7495424715262217,0.050859067361813455,1.0845789350929613,0.9725572767264277,0.6986834041644082,0.11202165836653366,1571.9953700808212,0.3136191421796362,0.1568095710898181,0.01,2972260.4481462506,0.02,2,M2_width_fault
0.04296480269281914,0.8060676487270825,0.8647123999999999,-0.9155226999999999,1.7802350999999998,0.8072118858111791,-0.1764698359220667,-1.913147658504774,0.9946334745345745,0.3597490944494942,0.09463347453457449,0.7624161751882523,0.04939701345009685,1.0161106650598404,0.9731458623670214,0.7130191617381555,0.04296480269281899,1610.6984626776843,0.3032501008332716,0.1516250504166358,0.01,2956169.9140445245,0.02,2,M2_width_fault
0.08819581582446812,0.7995206148481663,0.8695290999999999,-0.9061761999999999,1.7757052999999998,0.8043703845220394,-0.2758954322451544,-1.8673022816542941,1.0168423045545212,0.3560100320455493,0.11684230455452116,0.7553633248671994,0.050408741682859075,1.0609398374335108,0.9727440216090424,0.7049545831843403,0.08819581582446845,1587.0766804554703,0.30910235839894007,0.15455117919947003,0.01,2962291.896918023,0.02,2,M2_width_fault
0.07752486102257636,0.8006194645067043,0.8684287,-0.9083526,1.7767813000000001,0.8043641159472318,-0.2519397708165872,-1.8784917223560798,1.0116244071381142,0.3566845083736931,0.11162440713811417,0.7565954064233699,0.050139465738450816,1.050400279614874,0.9728754185922974,0.706455940684919,0.0775248610225765,1595.234177735469,0.307157988330885,0.1535789941654425,0.01,2962108.2480100584,0.02,2,M2_width_fault
0.05227529946843858,0.8053080914233856,0.8660087999999999,-0.9138719000000001,1.7798807,0.8070029919687355,-0.19663325750584798,-1.9060308445018141,0.9991184169767443,0.35920336316742507,0.09911841697674428,0.7614843632567713,0.04965869248791068,1.0252629699667775,0.9729876704983388,0.7118256707688606,0.052275299468438674,1608.1517663669536,0.3093030636339635,0.15465153181698174,0.01,2962591.7075221776,0.02,2,M2_width_fault
0.08437393134130143,0.7994537014396075,0.8691087000000001,-0.9068747999999999,1.7759835,0.8038937622817306,-0.2671098846062297,-1.8703846759133083,1.0150110285192564,0.3560495067262176,0.11501102851925638,0.7553704275221399,0.0502842056085631,1.0572117060092963,0.9728377746679946,0.7050862219135768,0.08437393134130167,1591.1078633711143,0.30841941180190213,0.15420970590095107,0.01,2963706.7880272185,0.02,2,M2_width_fault
0.01820318829787234,0.8097419430441097,0.8620308,-0.9206827,1.7827134999999998,0.8099465231662261,-0.12298808955721226,-1.932287418110562,0.9824267420212767,0.3619077954661619,0.08242674202127664,0.7664191950122168,0.04889083606487361,0.991491221974734,0.9732880336768617,0.7175283589473431,0.018203188297872375,1620.3455442738798,0.34563920814975363,0.17281960407487681,0.01,2969324.5993575337,0.02,2,M2_width_fault
0.07071114960106382,0.8021183164130716,0.8676630999999999,-0.9097978999999999,1.7774609999999997,0.8052290731234464,-0.23718624133688135,-1.8870707659127515,1.0082654328457448,0.3574828209779547,0.10826543284574475,0.7581531934463902,0.05000202920087511,1.0436205933843083,0.9729094437832447,0.708151164245515,0.07071114960106362,1597.1226425489665,0.30460369162597856,0.15230184581298928,0.01,2955975.033815984,0.02,2,M2_width_fault
0.09487044591090424,0.7984155493789711,0.8702689,-0.9047128,1.7749817,0.8040322076866436,-0.2906617425220925,-1.85891398541831,1.0200731779255319,0.355396406708605,0.12007317792553185,0.7541904542881782,0.05056533393136835,1.0675080996010637,0.9726376536901596,0.7036251203568099,0.0948704459109041,1582.8794059661325,0.3126967977267371,0.15634839886336854,0.01,2965359.0778738516,0.02,2,M2_width_fault
0.062254978523936216,0.8038232473252943,0.8669549000000001,-0.9116957000000001,1.7786506000000002,0.8062304231989742,-0.2185544524243331,-1.8966458945639728,1.0040420188164894,0.3583781869598207,0.10404201881648933,0.7599092682984597,0.04985645453005883,1.035169198537234,0.972914220013298,0.7100528137684009,0.06225497852393602,1602.0653916801418,0.30412898403495514,0.15206449201747757,0.01,2958188.41991687,0.02,2,M2_width_fault
0.1120170953820598,0.7940269768545513,0.8717497999999999,-0.9005010999999999,1.7722509,0.8018894372858465,-0.3287557437084841,-1.8324612848554256,1.0285464153488373,0.3531657754494093,0.12854641534883726,0.7497420103268306,0.050865063670564606,1.0845614734219269,0.9725443780398669,0.698876946656266,0.11201709538205995,1571.0047892704576,0.3163233102149161,0.15816165510745805,0.01,2969785.260684544,0.02,2,M2_width_fault
0.08376323917662683,0.799746060800988,0.8691789999999999,-0.9069986,1.7761776,0.8041206638335184,-0.2654827594067063,-1.871695423295644,1.0146666965471447,0.3561669135389173,0.11466669654714468,0.7556415513783872,0.05030074960421163,1.0565401972111554,0.9727769580345287,0.7053408017741756,0.08376323917662676,1591.6977500678515,0.3112018017964843,0.15560090089824216,0.01,2964896.0587949716,0.02,2,M2_width_fault
0.03788711761968085,0.8071217402907701,0.8642498000000001,-0.9167275000000001,1.7809773000000002,0.8080104809540091,-0.16550281365570696,-1.9179193707538924,0.9921279114029254,0.3602999926355576,0.09212791140292542,0.7634967202133123,0.049323743856299444,1.0110638352393617,0.9731767176196809,0.7141729763570128,0.03788711761968078,1613.198033112286,0.30902290422890144,0.15451145211445072,0.01,2960148.207138998,0.02,2,M2_width_fault
0.10028858191489361,0.796744328190322,0.8706159,-0.9032457999999999,1.7738616999999999,0.8030313344857397,-0.30265689577259963,-1.8503003492479841,1.0227815811835106,0.3545786267779237,0.12278158118351057,0.7525299145685319,0.05062815092483356,1.0729256127659574,0.9726370308510638,0.7019017636436984,0.10028858191489365,1578.5894351391946,0.31087543122505423,0.15543771561252712,0.01,2962866.0255478797,0.02,2,M2_width_fault
0.08477736402925534,0.799683400054698,0.8690785,-0.9067271,1.7758056,0.8041646235534059,-0.2682120663029443,-1.8707099895763009,1.0151832635970746,0.35615545870254567,0.11518326359707454,0.7555943531883725,0.050297383184841706,1.057571599368351,0.9727942353390957,0.7052969700035309,0.08477736402925529,1588.795170723352,0.30701706540276874,0.15350853270138437,0.01,2958119.49893106,0.02,2,M2_width_fault
0.04707827134308513,0.806196956660742,0.8654495,-0.9148974000000001,1.7803469,0.8075703663221524,-0.1853583576528342,-1.9110567851483222,0.9965288105718085,0.35969288506355807,0.09652881057180851,0.762425422229811,0.04955599245992367,1.0200679378656916,0.9729896665226063,0.7128694297698873,0.04707827134308529,1609.6132677539704,0.3023332151264669,0.15116660756323344,0.01,2960464.381525733,0.02,2,M2_width_fault
0.028396452160904195,0.8082584396816429,0.8631118,-0.9185991999999998,1.7817109999999998,0.8087571105170763,-0.14491184021291767,-1.9249212521446692,0.9874956735039894,0.36102720820444223,0.08749567350398935,0.7647925349211152,0.04909568971567095,1.0016735119015956,0.9732770597406916,0.7156968452054443,0.02839645216090403,1616.690976578943,0.32615939382002995,0.16307969691001498,0.01,2962763.3496366916,0.02,2,M2_width_fault
0.06170284251994683,0.8042226029281145,0.8669429999999999,-0.9119731,1.7789161,0.8065861614455787,-0.21748013606519243,-1.897778380376018,1.0037889738696808,0.3585564995334987,0.10378897386968078,0.760288734572473,0.04986953260094127,1.034640027393617,0.9729371848736702,0.7104192019715317,0.06170284251994673,1602.6371082940216,0.3056987709904143,0.15284938549520716,0.01,2960474.4086174336,0.02,2,M2_width_fault
0.00014391858377660327,0.8116037848239264,0.8596164999999999,-0.9243278,1.7839443,0.8116037975841913,-0.0854863102330438,-1.9419191462782348,0.9736622932845745,0.3631774197208017,0.07366229328457452,0.7686345434228373,0.04845229337057027,0.9736754069813831,0.9735314883976065,0.7201822500522671,0.00014391858377660327,1625.0139500058838,0.3798899533934933,0.18994497669674665,0.01,2979983.3656442496,0.02,2,M2_width_fault
0.046972923603723404,0.8062854152093452,0.8653637,-0.9150233999999999,1.7803871,0.8076525405960086,-0.1853393861794684,-1.9112428555114853,0.9965558082446808,0.35973536785657423,0.0965558082446808,0.7625125618729872,0.04955454927784465,1.0200422461103724,0.973069322506649,0.7129580125951426,0.046972923603723404,1609.696058738526,0.3027896444282064,0.1513948222141032,0.01,2961020.030761886,0.02,2,M2_width_fault
0.07739796602393616,0.8014884652448679,0.8684421,-0.9085763,1.7770184,0.8052168683436881,-0.2520571494210648,-1.8804892866613199,1.0115652727726065,0.357076990670049,0.11156527277260653,0.757425859077003,0.050179298809758285,1.0502639763297872,0.9728660103058511,0.7072465602672448,0.07739796602393612,1593.7411996020905,0.3086037696412327,0.15430188482061635,0.01,2960366.617218248,0.02,2,M2_width_fault
0.06904610987367023,0.8030866846323315,0.8677543000000001,-0.9103832000000001,1.7781375000000001,0.8060493708963717,-0.2334865618501145,-1.8902554784998742,1.0073535988031914,0.3579188701104106,0.1073535988031914,0.7590760174367702,0.050029787051444743,1.0418763428523936,0.9728302329787234,0.7090462303853254,0.06904610987367021,1598.7551634851816,0.3079221902919662,0.1539610951459831,0.01,2960901.825591301,0.02,2,M2_width_fault
0.010435398836436165,0.8106969862725443,0.8610904000000001,-0.9222627,1.7833531000000002,0.8107641464077339,-0.1066311020424618,-1.9370439848247576,0.9786037329454788,0.36250874541481387,0.07860373294547873,0.767503769444268,0.04872125015805561,0.9837744517952128,0.9733390529587767,0.7187825192862124,0.010435398836436183,1622.6688240812512,0.3610289291961091,0.18051446459805456,0.01,2974313.149604179,0.02,2,M2_width_fault
0.07576978620345745,0.8014889264675816,0.8682993,-0.908741,1.7770403,0.8050624570500564,-0.24821403409424836,-1.8818910941093268,1.0106882819148937,0.3571066408276342,0.11068828191489366,0.7574572225506984,0.05012978716339927,1.0485729079122341,0.9728031217087767,0.7073274353872991,0.07576978620345742,1594.47480939093,0.3067517842857794,0.1533758921428897,0.01,2958113.5137554877,0.02,2,M2_width_fault
0.08108085402260636,0.8004510143689356,0.8688332,-0.9075116,1.7763448,0.8045470348545778,-0.25984790734654944,-1.8754775890643551,1.0132719908909575,0.35655118430455984,0.11327199089095752,0.756377918661213,0.05023620771022502,1.0538120893949467,0.9727312353723404,0.706141710950988,0.08108085402260634,1591.2205788477158,0.3071142061427021,0.15355710307135104,0.01,2958128.9675300336,0.02,2,M2_width_fault
0.07637679148936172,0.8017181961175696,0.8684193,-0.9087727999999999,1.7771921,0.8053480491465904,-0.24967305130363227,-1.8818125549631348,1.0109943298204787,0.3571880367993441,0.11099432982047863,0.7576533050358079,0.05016949209834938,1.049182425930851,0.9728056344414895,0.7074838129374584,0.0763767914893616,1594.4260433273018,0.30868761432857106,0.15434380716428553,0.01,2960612.0203145975,0.02,2,M2_width_fault
0.08969179900265957,0.7994289938905472,0.8696811,-0.9059522999999999,1.7756333999999998,0.8044447371206962,-0.27934257084347497,-1.865716181008907,1.017614265525266,0.35594255835359645,0.11761426552526599,0.7552488873004255,0.050450812654364616,1.0624598874335107,0.972768088430851,0.7047980746460609,0.08969179900265967,1586.2679921383826,0.3097789699368878,0.1548894849684439,0.01,2964036.981026749,0.02,2,M2_width_fault
0.04340145053191489,0.806520038939742,0.8649298000000001,-0.9156379000000001,1.7805677000000002,0.8076869809026498,-0.17748139299056132,-1.9137623614796122,0.9948015124002659,0.35991686287986396,0.09480151240026591,0.7628114128504623,0.049456532399244434,1.016499808211436,0.9730983576795212,0.7133548804512179,0.0434014505319148,1611.0377941542104,0.30189152027495786,0.15094576013747893,0.01,2959811.4957859307,0.02,2,M2_width_fault
0.04503834534574467,0.8063334908898945,0.8651024,-0.9153236,1.780426,0.8075903361743292,-0.1810750231994589,-1.9124689363878593,0.9956172597406916,0.3598023253647342,0.09561725974069157,0.762604065314799,0.049492721369109705,1.0181354291223403,0.9730970837765958,0.7131113439456893,0.04503834534574458,1610.3486848780663,0.30159464594364627,0.15079732297182313,0.01,2959760.1864629257,0.02,2,M2_width_fault
0.036956711569148974,0.8073855480953576,0.8642486999999999,-0.9169308,1.7811795,0.8082309210883027,-0.16337770182039238,-1.9189326600585332,0.9916104859375,0.36042703821389327,0.09161048593749999,0.7637554207435259,0.04932138457306098,1.0100809169215426,0.9731242053523935,0.7144340361704649,0.03695671156914904,1613.7402737730224,0.30985471456000413,0.15492735728000206,0.01,2961445.018166271,0.02,2,M2_width_fault
0.12295184950132983,0.7919853627962483,0.8727091000000001,-0.8980561,1.7707652,0.8014723776770494,-0.35377380735731634,-1.815766839499225,1.0339614284574468,0.3520827463238913,0.13396142845744674,0.7476264806022002,0.05110350218763441,1.0954371077127658,0.972485258211436,0.6965229784145658,0.12295184950132976,1561.7034850193738,0.31603594006440194,0.15801797003220097,0.01,2974438.524949498,0.02,2,M2_width_fault
0.056021101627906966,0.8045622322154349,0.8663592,-0.9129958,1.779355,0.8065102289091488,-0.20474456767370705,-1.9021992923686708,1.0009578163122923,0.35880949440990445,0.10095781631229228,0.7607149677373128,0.04972124099753615,1.0289749859468438,0.9729538843189369,0.7109937267397767,0.056021101627906855,1606.2097612614302,0.3068927763369463,0.15344638816847314,0.01,2960827.602674147,0.02,2,M2_width_fault
0.05935856985391763,0.8038759795502735,0.8667010999999999,-0.9123381,1.7790392,0.8060645323502419,-0.2120069797323196,-1.898489246809821,1.0026434124833998,0.35844423460161245,0.10264341248339981,0.7600015675849635,0.04978222089148876,1.0323364847941565,0.972977914940239,0.7102193466934748,0.05935856985391752,1605.5504308857717,0.3046234397176344,0.1523117198588172,0.01,2963250.1362822396,0.02,2,M2_width_fault
0.03683630525265953,0.8073690949290583,0.8642257,-0.9169408000000001,1.7811665,0.8082089883385571,-0.16310798215561123,-1.9189669920861923,0.9915525305851063,0.3604240508534784,0.09155253058510626,0.7637441441616639,0.04931546181664817,1.0099624845079787,0.9731261792553191,0.7144286823450158,0.036836305252659574,1613.7542784347324,0.31020960588081187,0.15510480294040593,0.01,2961244.431536123,0.02,2,M2_width_fault
0.0840777236037234,0.7998897912833216,0.8690039,-0.9069347,1.7759386,0.8042964265777015,-0.26672656809271894,-1.871707050474486,1.0148537150598405,0.35625739377117327,0.11485371505984043,0.755800476110453,0.05028818264796765,1.0568922674867023,0.9728145438829788,0.7055122934624853,0.08407772360372345,1589.2913778701918,0.3075708394812152,0.1537854197406076,0.01,2958544.134461874,0.02,2,M2_width_fault
0.07969555867686166,0.8009763268553017,0.8686762,-0.9080060000000001,1.7766822000000002,0.8049313376030457,-0.2570440396770304,-1.8776000089746565,1.0126670965093085,0.3568083489933632,0.1126670965093085,0.7568986237289067,0.05022235943871814,1.0525144155585107,0.9728188568816488,0.7066762642901886,0.07969555867686184,1592.2830940282693,0.3083124124894142,0.1541562062447071,0.01,2959919.5981518785,0.02,2,M2_width_fault
0.06938939166666669,0.8022832887110392,0.8677052,-0.9101937,1.7778988999999998,0.8052784381944363,-0.23390627887137658,-1.8883102432365089,1.0076375100265604,0.3575474520400835,0.10763751002656041,0.7583055455116691,0.04999914829515096,1.0423237836653385,0.9729343919986719,0.7083063972165181,0.06938939166666658,1600.1845193324998,0.30896439200742654,0.15448219600371327,0.01,2963362.5419282545,0.02,2,M2_width_fault
0.02618250787898937,0.808826376559592,0.8629731,-0.9191507000000001,1.7821238000000001,0.8092500424080016,-0.1401295426335043,-1.927010091847515,0.9863706646276597,0.361308613364501,0.08637066462765963,0.7653592475390576,0.049079416786961455,0.9994402863031914,0.9732577784242021,0.7162798307520961,0.026182507878989236,1617.79535506437,0.3288467293472789,0.16442336467363944,0.01,2965824.911492777,0.02,2,M2_width_fault
0.0803071163231383,0.8005996714477426,0.8687117,-0.9077233,1.776435,0.804617341880208,-0.2582393765467489,-1.8763914464707705,1.0129320105718087,0.35663300746755205,0.11293201057180868,0.7565348230368657,0.05021764782666803,1.0530852230053191,0.9727781066821809,0.7063171752101977,0.08030711632313825,1591.6750880354537,0.30716664063370724,0.15358332031685362,0.01,2958075.8716997867,0.02,2,M2_width_fault
0.09329861053856384,0.798243650275518,0.8699224,-0.9049151999999999,1.7748376,0.8036775198632908,-0.28720999833930383,-1.8600538138876268,1.0193934397273936,0.35536773062588617,0.11939343972739358,0.7540769068256381,0.050485513377161215,1.0660424329787235,0.9727438224401594,0.7035913934484769,0.09329861053856403,1583.4328652851973,0.3096741646032201,0.15483708230161006,0.01,2961441.239729049,0.02,2,M2_width_fault
0.1135547721077128,0.7941482736943036,0.8718133,-0.9003373,1.7721506,0.8022257580507355,-0.33266482357905597,-1.830939423546378,1.029384695611702,0.35320222640511656,0.12938469561170207,0.7498398219436675,0.05091064027160245,1.0861619490026595,0.9726071768949468,0.6989291816720651,0.1135547721077127,1569.0562631741027,0.3146852676717368,0.1573426338358684,0.01,2969849.9063912076,0.02,2,M2_width_fault
0.11629609198803194,0.7936173717341806,0.8721255000000001,-0.8996959,1.7718214,0.8020930829585537,-0.33877182336815653,-1.8268115231422448,1.0306872986369682,0.3529150559167648,0.13068729863696815,0.7492834053626346,0.050977002488419916,1.088835073636968,0.9725389816489362,0.6983064028742146,0.11629609198803192,1567.052950815439,0.31559415975286054,0.15779707987643027,0.01,2971737.520710256,0.02,2,M2_width_fault
0.06098591908244686,0.8042022306746038,0.8667899000000001,-0.9121062,1.7788961,0.8065113205332827,-0.21598663600713341,-1.8982128637522502,1.0034801467752659,0.3585655702590971,0.10348014677526585,0.7602883559976481,0.04984088036339227,1.0339727314827127,0.9729868124002661,0.7104474756342558,0.06098591908244666,1602.8644352493247,0.3046296419664186,0.1523148209832093,0.01,2959530.3149087685,0.02,2,M2_width_fault
0.0190265463430851,0.8096534673197957,0.8621219999999999,-0.9205359999999999,1.7826579999999999,0.8098769947397648,-0.12476452754737626,-1.931768277822174,0.9828354118351064,0.36184604059252423,0.08283541183510634,0.7663127769416568,0.048912509163703724,0.9923136873670213,0.9732871410239361,0.7174002677779531,0.019026546343085204,1620.0992628571585,0.34376038577691004,0.17188019288845502,0.01,2968953.759918882,0.02,2,M2_width_fault
0.07103513141622338,0.8026743646453901,0.8678431,-0.9099931,1.7778361999999999,0.8058114702299791,-0.23803744807104638,-1.8878755059443957,1.0084126968417553,0.35770735035399387,0.10841269684175525,0.7586560355007848,0.050058648406188955,1.0439299495678191,0.9728948181515957,0.7085973870945959,0.07103513141622342,1597.5236004764217,0.3078946943834365,0.15394734719171824,0.01,2960427.5343933417,0.02,2,M2_width_fault
0.08246390651595745,0.800457814774938,0.8689315000000001,-0.9073954,1.7763269,0.8046943575744406,-0.2631871090075054,-1.8742190782216421,1.0140419527260638,0.35653103511720613,0.11404195272606377,0.7563599508798243,0.05027691889927589,1.0552736060837766,0.9728096995678192,0.7060830319805484,0.08246390651595747,1590.5664340325716,0.30867636718087693,0.15433818359043847,0.01,2960224.8104405915,0.02,2,M2_width_fault
0.0748641551529255,0.8019028511921835,0.8681718,-0.9091290999999999,1.7773009,0.805389858687651,-0.2464947387016655,-1.8833449604873502,1.0103249899268616,0.35730331430040946,0.11032498992686157,0.7578627647516659,0.05012548622488649,1.0477566884973406,0.972892533344415,0.7077372785267795,0.07486415515292566,1595.200923577485,0.3080749001846452,0.1540374500923226,0.01,2959881.713344353,0.02,2,M2_width_fault
0.06370147958776594,0.8039128590602964,0.8671805,-0.9115292999999999,1.7787098,0.8064327395785532,-0.22179423109323257,-1.8957796337431432,1.0047390790226063,0.35838072531446513,0.10473907902260626,0.759955470887216,0.049915165063625554,1.0365895141954788,0.9728880346077126,0.7100403058235905,0.06370147958776629,1601.6082193237023,0.3063859404980791,0.15319297024903955,0.01,2960488.728786024,0.02,2,M2_width_fault
0.07435822104388297,0.8022767734669691,0.8683067,-0.9092747000000001,1.7775814,0.8057153134211745,-0.24520140923378722,-1.8845448081176288,1.0099664072473404,0.35746489879960164,0.10996640724734041,0.7582108437488475,0.05014702042295935,1.047144994880319,0.9727867738364361,0.7080638233258881,0.07435822104388301,1595.8249139037468,0.30922520933564657,0.15461260466782328,0.01,2961912.303005465,0.02,2,M2_width_fault
0.020236995478723416,0.8095250927459069,0.8622779,-0.9202996,1.7825775,0.809778001535776,-0.1273386912283969,-1.9310099587572136,0.9834259594747341,0.3617577637364234,0.08342595947473408,0.7661605098732356,0.048942612007438234,0.9935121297539893,0.9732751342752659,0.7172178978657974,0.020236995478723374,1619.7384868241852,0.34108282693177566,0.17054141346588783,0.01,2968443.407257784,0.02,2,M2_width_fault
0.083159764893617,0.8002734702915595,0.8690285000000001,-0.9071864,1.7762149,0.8045826084061581,-0.2646139377061383,-1.873291155800952,1.014341379787234,0.35643486768200633,0.11434137978723402,0.7561700608187707,0.05029130767795662,1.0559210354720745,0.9727612705784574,0.705878753140814,0.0831597648936171,1590.1030038711233,0.30844200599602045,0.15422100299801023,0.01,2959932.6269956613,0.02,2,M2_width_fault
0.03746299032579784,0.8071815121792194,0.8642519000000001,-0.916776,1.7810279000000002,0.8080504125659996,-0.16447494648611002,-1.9182808055482612,0.9918767216090425,0.3603336335012434,0.09187672160904248,0.7635602421101289,0.049317531451936056,1.0106001353723404,0.9731371450465426,0.7142427106581928,0.03746299032579781,1613.3886370680568,0.30976067161548637,0.15488033580774319,0.01,2960295.573072996,0.02,2,M2_width_fault
0.0513275923204787,0.8055333075526587,0.8657846000000001,-0.9140612,1.7798458000000001,0.807166916635056,-0.1947967483414455,-1.9071655237797756,0.9987109657912234,0.3593325347239222,0.0987109657912234,0.7617285973644696,0.04963052114077379,1.0243742673204788,0.9730466749999999,0.7120980762236958,0.0513275923204789,1607.5468524854143,0.30280288509819386,0.15140144254909693,0.01,2959408.892464856,0.02,2,M2_width_fault
0.04385316865026596,0.8065486191420919,0.8649903000000001,-0.9155966000000001,1.7805869000000003,0.8077399181919164,-0.1785121466685001,-1.9135523746441065,0.9950264191821808,0.3599155422378107,0.0950264191821808,0.7628246343374562,0.04947529438177206,1.0169513209441488,0.973098152293883,0.7133493399556841,0.043853168650265784,1610.9260419125553,0.3017967100322596,0.1508983550161298,0.01,2960376.6864571488,0.02,2,M2_width_fault
0.07666009920318721,0.801052157291092,0.8684729999999999,-0.9086178,1.7770907999999999,0.8047119543728396,-0.24996215584430173,-1.8800769483028872,1.011137154946879,0.35688160207274494,0.11113715494687904,0.7570090896582533,0.05014889948131514,1.0494808358565737,0.9728207366533865,0.7068601901769381,0.07666009920318717,1595.9870676014932,0.31083873701910303,0.15541936850955151,0.01,2964042.271366954,0.02,2,M2_width_fault
0.07846040504983386,0.8004794462160851,0.8684651000000001,-0.9080291999999999,1.7764943,0.8043154722961596,-0.2539284448784989,-1.8777237753511935,1.012107327641196,0.3566016911079971,0.11210732764119602,0.7564503101602511,0.05015963407537239,1.0513226307641197,0.9728622257142856,0.7062906760848787,0.07846040504983409,1593.4616016016096,0.3100612656819386,0.1550306328409693,0.01,2958482.400285992,0.02,2,M2_width_fault
-0.06781455182845744,0.8140143756997905,0.8448255,-0.9404294999999999,1.7852549999999998,0.816834265494301,0.05066716002674073,-1.9481019079792152,0.9467606013962766,0.3660011162031868,0.04676060139627658,0.7727238738410963,0.04622676789594157,0.9128529763297871,0.9806675281582445,0.7264971059451547,0.06781455182845741,1629.7692023171332,0.3062644892941673,0.15313224464708364,0.01,3039321.7451467547,0.02,3,M3_mirror_mismatch
-0.13853432168106314,0.8099511472309266,0.8170177,-0.96296364,1.77998134,0.8217132219846086,0.16885437441352266,-1.9196738534744897,0.9290087417607973,0.36754322715331594,0.029008741760797263,0.7722767448307731,0.04230247204914179,0.8597487349966777,0.9982830566777406,0.7299742727816313,0.13853432168106294,1616.4469638906648,0.33091575944480756,0.16545787972240378,0.01,3145686.550353184,0.02,3,M3_mirror_mismatch
-0.12718897705315615,0.8109583504782827,0.8214906,-0.9594823100000001,1.78097291,0.8208717817627096,0.14970481522384943,-1.9264781565897016,0.9318780796013287,0.36746821272328,0.03187807960132871,0.7726996189932314,0.04291430931148594,0.86829089341196,0.9954798704651162,0.7297853096817454,0.12718897705315624,1619.7839240982585,0.32906592217016956,0.16453296108508478,0.01,3125768.5570367044,0.02,3,M3_mirror_mismatch
-0.12036377946476068,0.8119155499505218,0.8242622,-0.9573766100000001,1.78163881,0.8207888276886448,0.13826560736680815,-1.9311437402569043,0.9335723892952128,0.36757411244113003,0.03357238929521278,0.7732807725070294,0.043313788537106504,0.8733903744581116,0.9937541539228724,0.7299669839699229,0.12036377946476073,1620.8706336072464,0.3235739073275767,0.16178695366378834,0.01,3113356.209348172,0.02,3,M3_mirror_mismatch
-0.13761771445146279,0.810803848812537,0.8175466,-0.96283334,1.78037994,0.8223998520063508,0.16728559138870974,-1.9219629787379429,0.929221597706117,0.3678648564590815,0.029221597706116986,0.7730240854500003,0.04241233520924734,0.8604126170977394,0.9980303315492022,0.730611750240753,0.13761771445146276,1616.354755259896,0.32762900514058657,0.16381450257029329,0.01,3145469.656209827,0.02,3,M3_mirror_mismatch
-0.15348219314494682,0.809353436321725,0.8114604999999999,-0.96760601,1.7790665099999998,0.8237777421722242,0.19444328925984997,-1.9113128571309312,0.925085741356383,0.367930591014793,0.025085741356382973,0.7723704991991553,0.041591612434352956,0.8483445367752659,1.0018267299202128,0.7307788867648024,0.15348219314494693,1611.2244563940362,0.3296260596200333,0.16481302981001664,0.01,3176623.951079608,0.02,3,M3_mirror_mismatch
-0.1656421518085106,0.8083856646602777,0.8068537,-0.9713522700000001,1.7782059700000001,0.825181619574741,0.21527174871396101,-1.9026215200184535,0.9219291753989363,0.36802272100987327,0.02192917539893624,0.771983605412437,0.04100217394061595,0.8391080114893616,1.0047501632978724,0.730981431471821,0.16564215180851072,1607.0972628735833,0.3320304719896366,0.1660152359948183,0.01,3204652.481079556,0.02,3,M3_mirror_mismatch
-0.09541594916888296,0.8128230920982072,0.8338730000000001,-0.9492978000000001,1.7831708000000002,0.8184042903137113,0.09649489271232708,-1.9406040265234275,0.9398947818151596,0.36682615388371126,0.0398947818151596,0.7729723830910653,0.04462845246732996,0.8921865827792552,0.9876025319481382,0.7283439306237354,0.09541594916888296,1625.6839811824573,0.31479574465902593,0.15739787232951297,0.01,3071319.1152500142,0.02,3,M3_mirror_mismatch
-0.09559971898271273,0.8130317202368239,0.8338273000000002,-0.9494646999999999,1.783292,0.8186329362912433,0.09670420458876157,-1.9409841298030095,0.939875856449468,0.36692013795799294,0.039875856449468006,0.773171133788395,0.04463724301325955,0.8920757995678192,0.987675518550532,0.7285338907751354,0.0955997189827128,1625.8667335265761,0.3161872109427335,0.15809360547136675,0.01,3073171.276076643,0.02,3,M3_mirror_mismatch
-0.08926933040159304,0.8126464679624934,0.8363748999999999,-0.9473875,1.7837624,0.8175348893119269,0.0863611440160674,-1.9412710869990488,0.9413783906737472,0.3664395221533497,0.041378390673747156,0.7724931222750979,0.044959817163567145,0.8967658891470296,0.9860352195486226,0.7275333051115308,0.08926933040159302,1629.277817868422,0.3145133719451918,0.1572566859725959,0.01,3069929.4987819474,0.02,3,M3_mirror_mismatch
-0.13495483658811816,0.8101175388218657,0.8185155,-0.9619284,1.7804438999999999,0.8212814588344988,0.16287227598382842,-1.9213368044598353,0.9298723675406572,0.36744396198551355,0.02987236754065714,0.7722595331046799,0.04249409004292215,0.8624156714769334,0.9973705080650515,0.7297654430617577,0.13495483658811802,1618.995224687195,0.3366496085936012,0.1683248042968006,0.01,3144296.6516121216,0.02,3,M3_mirror_mismatch
-0.1445969574235372,0.8099407659204683,0.814813,-0.9648366100000001,1.77964961,0.8227468167036437,0.17926187904254626,-1.9169772295093037,0.9273982381648936,0.36780615340735523,0.027398238164893618,0.7725364224514356,0.042024578880311726,0.8550996467652926,0.9996966041888299,0.7305118435711239,0.1445969574235373,1613.936340775283,0.326858563296505,0.1634292816482525,0.01,3156962.7449817113,0.02,3,M3_mirror_mismatch
-0.11066964278590428,0.8121335734790006,0.8279042000000001,-0.95421058,1.7821147800000001,0.8196393786331467,0.12194591103238132,-1.9349079014823176,0.9360682689162233,0.3672361624047554,0.03606826891622328,0.7730470101152003,0.04379802596945273,0.8807332964760637,0.9914029392619681,0.7292489841457476,0.11066964278590441,1622.759392608592,0.3192715261224052,0.1596357630612026,0.01,3094693.4091298026,0.02,3,M3_mirror_mismatch
-0.0607171776079734,0.813698365773949,0.8475676999999999,-0.9380377000000001,1.7856054000000001,0.8159605420116058,0.03898890051567378,-1.9480708830796842,0.9485342726578073,0.36551415135193155,0.0485342726578073,0.7720731648032653,0.04660720524944856,0.9181832509302326,0.9789004285382059,0.7254659595538167,0.06071717760797335,1631.1043385842,0.30679343618427457,0.15339671809213729,0.01,3032769.637657153,0.02,3,M3_mirror_mismatch
-0.11146337797342189,0.8121426398972608,0.8276528,-0.95461131,1.7822641099999998,0.8197559101150401,0.12321614416409643,-1.9344990233544141,0.93587955820598,0.3672638902496501,0.03587955820597999,0.7730793582385797,0.04377024676035068,0.8801554881063123,0.9916188660797343,0.729309111478229,0.11146337797342198,1623.7704582514023,0.32693297021834405,0.16346648510917203,0.01,3100474.202129929,0.02,3,M3_mirror_mismatch
-0.1329316762765958,0.811054175944001,0.819319,-0.9613536800000001,1.7806726800000001,0.8218757247138452,0.1593267653049683,-1.924511731345799,0.9304359753656914,0.3677691740431421,0.030435975365691426,0.7730515179245445,0.04264527312969398,0.863970023224734,0.9969016995013299,0.7304062447948505,0.13293167627659586,1617.5953623287758,0.3262023778318587,0.16310118891592934,0.01,3135835.212157871,0.02,3,M3_mirror_mismatch
-0.060898577859042596,0.813832023595671,0.8475012000000001,-0.9380097000000001,1.7855109000000002,0.8161073455220695,0.0393397824488315,-1.9484889028315762,0.948457822606383,0.3655876358434343,0.04845782260638298,0.772214227169367,0.046600790353849314,0.918008035106383,0.9789066129654256,0.7256134368155177,0.060898577859042624,1630.0961942701013,0.30066306701373535,0.15033153350686768,0.01,3029924.450647357,0.02,3,M3_mirror_mismatch
-0.10035856514960109,0.8127631801717126,0.8319275,-0.9509849499999999,1.78291245,0.8189357903045406,0.10461052481779902,-1.9392206208328788,0.9387029400930851,0.36703134473026355,0.03870294009308506,0.7731508002229703,0.04436654692412738,0.8885234837533246,0.9888820489029256,0.728784253298843,0.10035856514960106,1624.950225461335,0.31714740552902493,0.15857370276451246,0.01,3079633.7634541444,0.02,3,M3_mirror_mismatch
-0.11738378371010637,0.8118876464828504,0.8253179,-0.9563927400000001,1.78171064,0.8203295089106346,0.13317330776272118,-1.932181273996482,0.9343787207779256,0.36743557205327904,0.03437872077792559,0.7731270289499594,0.04344829955268303,0.8756866771276595,0.993070460837766,0.7296787293972764,0.11738378371010649,1621.3834705156767,0.32172300960968436,0.16086150480484218,0.01,3106740.793368108,0.02,3,M3_mirror_mismatch
-0.16089796236037232,0.80836425102457,0.8084840999999999,-0.9697922599999999,1.7782763599999998,0.8242214002476723,0.20703913328509566,-1.9053468051403493,0.9232125888630319,0.36782487158415234,0.023212588863031902,0.77177284252052,0.04119216278986986,0.8427634797606383,1.0036614421210106,0.7305806797306502,0.16089796236037235,1608.3691724882656,0.32911574752285255,0.16455787376142628,0.01,3190478.8841631175,0.02,3,M3_mirror_mismatch
-0.13141013370517932,0.8105175769672369,0.8199282999999999,-0.960814,1.7807423,0.821101312758209,0.15695427444942836,-1.9236668083016597,0.9307566504316069,0.36746025626285106,0.030756650431606913,0.7724731735412579,0.04268917228644355,0.8650665015869855,0.9964766352921646,0.7297840012548144,0.13141013370517907,1619.800245983562,0.32100795544801697,0.16050397772400848,0.01,3136584.8735167924,0.02,3,M3_mirror_mismatch
-0.11017052785904255,0.8125182242757198,0.8282159,-0.95416837,1.78238427,0.8199532974437684,0.12110962574317401,-1.9358252201234643,0.9361712528922873,0.36737030505952134,0.03617125289228729,0.7733730992190142,0.0438599125359423,0.8810858364029256,0.991256364261968,0.7295131866830719,0.11017052785904236,1623.213059357356,0.32137586082574954,0.16068793041287477,0.01,3096523.264064895,0.02,3,M3_mirror_mismatch
-0.09822920615026592,0.8131321579466106,0.8328689,-0.9503787000000001,1.7832476000000002,0.8190438835787881,0.10109962332886335,-1.940505727941818,0.939200244049202,0.3670819461972326,0.03920024404920197,0.7733845763872383,0.04451280402838493,0.8900854763630319,0.9883146825132978,0.7288717723588534,0.09822920615026587,1625.6047468265606,0.3182153777035889,0.15910768885179444,0.01,3078521.710822884,0.02,3,M3_mirror_mismatch
-0.11979500815492024,0.8114856441978692,0.8242784999999999,-0.95708731,1.78136581,0.8202803147205643,0.13717646753532134,-1.93054225778732,0.9337962339095744,0.367375922861775,0.033796233909574425,0.7728680613225744,0.04329599528504075,0.873898562855718,0.9936935710106383,0.7295720660375336,0.11979500815492028,1620.5663895657299,0.32087740275130927,0.16043870137565464,0.01,3108962.9202052467,0.02,3,M3_mirror_mismatch
-0.22650209305186172,0.8007079800150331,0.7838915999999999,-0.9890874399999999,1.7729790399999998,0.8321276749493608,0.321907732427295,-1.841535065436827,0.905740010206117,0.36709001150094855,0.00574001020611703,0.7672236431062293,0.038173539376319086,0.7924888813164894,1.0189909743683512,0.7290501037299102,0.22650209305186175,1579.0409818975068,0.33984454566956024,0.16992227283478012,0.01,3364702.0467238277,0.02,3,M3_mirror_mismatch
-0.16721856598404256,0.8081035775842488,0.8062012999999999,-0.97180607,1.7780073699999999,0.825223267312684,0.2179416390449888,-1.9011385781368546,0.9215218465425532,0.3679618225162432,0.02152184654255318,0.7717823167946876,0.040919952104388,0.8379124723138297,1.0051310382978724,0.7308623646902995,0.16721856598404272,1606.3999513974184,0.33134825760381165,0.16567412880190582,0.01,3207337.322086962,0.02,3,M3_mirror_mismatch
-0.1107773511402926,0.8120481868246284,0.8277879,-0.95425547,1.78204337,0.8195693254696801,0.12202243748936954,-1.934728680809347,0.9360903067154255,0.36720754529394234,0.03609030671542546,0.772976104069568,0.04378190665633685,0.8807014667121009,0.9914788178523936,0.7291941974132311,0.11077735114029263,1622.6652765848603,0.31887086749630206,0.15943543374815103,0.01,3094281.8124088645,0.02,3,M3_mirror_mismatch
-0.03426043390957443,0.8136827935305322,0.8559996,-0.9309012999999999,1.7869009,0.8144037486525482,-0.01233651620656592,-1.9481338625191287,0.9565089825797873,0.364431748983635,0.056508982579787315,0.7709796872316371,0.04789464429590942,0.9393233685505319,0.9735838024601063,0.7230850429357277,0.03426043390957445,1631.2165288798387,0.3369651559560891,0.16848257797804456,0.01,3005890.1679442674,0.02,3,M3_mirror_mismatch
-0.0974105703187251,0.8123093869881977,0.8331167,-0.9499969000000001,1.7831136,0.8181291825860759,0.09986931418586326,-1.9387082089061014,0.9393788305776893,0.36668450010325576,0.03937883057768932,0.7725748372778322,0.044499471606229746,0.8906891018924303,0.9880996722111552,0.7280753656716024,0.09741057031872491,1627.2747185050205,0.3203281077678734,0.1601640538839367,0.01,3079195.3504774775,0.02,3,M3_mirror_mismatch
-0.1122977983410904,0.812268010471174,0.8272842,-0.95484665,1.7821308500000002,0.8199939733602044,0.12454660547032986,-1.9346745576079147,0.9356999344747341,0.3673653548447114,0.035699934474734074,0.773244855441463,0.04372794798486319,0.8795508711402926,0.991848669481383,0.7295169074565998,0.11229779834109033,1622.631202779358,0.32101333124911713,0.16050666562455856,0.01,3098966.0452807136,0.02,3,M3_mirror_mismatch
-0.09673706529255319,0.8129215627263265,0.833338,-0.9498251999999999,1.7831632,0.8186571485956917,0.09855561951036672,-1.9404890189179,0.9396196572140957,0.36692984686616065,0.03961965721409566,0.7731270842671923,0.044565128167878984,0.8912509224401595,0.9879879877327127,0.7285619560993134,0.09673706529255321,1625.6072755575576,0.3162257688661834,0.1581128844330917,0.01,3074340.268291856,0.02,3,M3_mirror_mismatch
-0.049921904920212735,0.8138972265632083,0.8518001,-0.9343797,1.7861798,0.8154268158444049,0.021185932469782988,-1.9493701220751343,0.9511912714760639,0.36506358220331897,0.05119127147606384,0.7717139156110667,0.04724540008677972,0.9262292675864362,0.9761511725066487,0.724468515524287,0.049921904920212534,1630.784623694986,0.29123927641634223,0.14561963820817111,0.01,3019398.170004934,0.02,3,M3_mirror_mismatch
-0.08004298096345515,0.8129716650487112,0.8398252999999999,-0.9443102999999999,1.7841356,0.8169025688376735,0.07089142353145662,-1.9440159722808767,0.9437678525581396,0.36615271455348664,0.04376785255813953,0.7723626645657369,0.04546475377802822,0.9037538699003324,0.9837968508637873,0.7268979107877087,0.08004298096345497,1628.8699551174077,0.3083274746455726,0.1541637373227863,0.01,3052060.873628918,0.02,3,M3_mirror_mismatch
-0.17230016477076412,0.8072006573164088,0.8042214999999999,-0.9733024799999999,1.7775239799999998,0.8253849089679764,0.2267356645923884,-1.896044937353651,0.9201943478737541,0.36778303667638906,0.02019434787375407,0.771152644819738,0.04064566873287134,0.8340511384850497,1.006351303255814,0.7305069760868667,0.17230016477076426,1605.1954969716103,0.33814311708325556,0.16907155854162778,0.01,3220628.151712368,0.02,3,M3_mirror_mismatch
-0.07481972752659574,0.8135724463119665,0.8419842999999999,-0.9426215,1.7846058,0.8170055795557284,0.06228580501704374,-1.9462497135096342,0.9450332184507979,0.3661622892827297,0.045033218450797885,0.7726692805548825,0.04579402041599146,0.9076230406250001,0.9824427681515957,0.726875260138891,0.0748197275265956,1628.7344778365014,0.3077157971080012,0.1538578985540006,0.01,3045108.3346193046,0.02,3,M3_mirror_mismatch
-0.09113312887043189,0.8131381511833169,0.8356315,-0.9481005,1.783732,0.8182291244434762,0.08930424291338201,-1.942076761874304,0.940982809601329,0.3667449884717325,0.04098280960132894,0.7730465086271356,0.04488918150609576,0.8954240090033222,0.9865571378737541,0.7281573271210399,0.0911331288704319,1627.6697178482766,0.32133612813442947,0.16066806406721473,0.01,3070486.677571746,0.02,3,M3_mirror_mismatch
-0.1484440713047809,0.8094113453365647,0.8133851,-0.9661868,1.7795719,0.8229109114995903,0.185781065933204,-1.913657013857863,0.9263981163346613,0.36772038958194386,0.02639811633466127,0.7721872548576539,0.041835748595477215,0.8521909427058434,1.0006350140106244,0.7303515062621767,0.148444071304781,1614.8766982712605,0.3339482927694202,0.1669741463847101,0.01,3171703.2405268936,0.02,3,M3_mirror_mismatch
-0.12279021151263295,0.8116781307806379,0.8232951999999999,-0.9581051900000002,1.78140039,0.8209134083634323,0.14235536717258196,-1.9297764079729625,0.932965143018617,0.3675860633201906,0.03296514301861697,0.7731760092283018,0.04317363459346682,0.871569900355718,0.9943601118683512,0.730002374634835,0.12279021151263314,1620.1888905500427,0.32374185203369243,0.16187092601684622,0.01,3116950.647815934,0.02,3,M3_mirror_mismatch
-0.08389663836436168,0.8134223958900103,0.8384285000000001,-0.945644,1.7840725000000002,0.8177375129369356,0.07728972781058542,-1.9443572982723334,0.9427801863364362,0.3665314332607632,0.04278018633643621,0.7729698000899694,0.04529003651730639,0.9008316288231383,0.9847282671875001,0.7276797635726631,0.08389663836436179,1627.669221712834,0.3120213504892758,0.1560106752446379,0.01,3057039.009298452,0.02,3,M3_mirror_mismatch
-0.07438226236702129,0.813666404338978,0.8421889,-0.9425028,1.7846917,0.8170592013463637,0.06157453403203067,-1.9464995755472165,0.9451300781249999,0.3661787458960323,0.04513007812499992,0.7727323598883594,0.04582792916786098,0.9079386275598404,0.9823208899268616,0.7269044307204985,0.07438226236702117,1628.8658418802463,0.308046792390672,0.154023396195336,0.01,3045209.4503862904,0.02,3,M3_mirror_mismatch
-0.15714626439162235,0.8091640472881415,0.8100746,-0.96878829,1.77886289,0.8242823568632095,0.2006617725898329,-1.9089848175326414,0.9241491521609041,0.36800009712917414,0.024149152160904075,0.7723471281608645,0.04142152579153266,0.8455759142985373,1.0027221786901594,0.7309256023693318,0.15714626439162216,1610.1186686161132,0.33112448425381996,0.16556224212690998,0.01,3185535.389934245,0.02,3,M3_mirror_mismatch
-0.09435751401993359,0.8128581637571012,0.8343444,-0.9490687000000001,1.7834131000000002,0.8183164026454488,0.09471715568526745,-1.9407542287343174,0.9401644801661129,0.36678190773786634,0.04016448016611285,0.7729446431635022,0.04469514075254234,0.8929934029900333,0.9873509170099667,0.7282495024109599,0.09435751401993342,1626.9851544506978,0.32141244233066857,0.16070622116533428,0.01,3073843.1185807567,0.02,3,M3_mirror_mismatch
-0.12790129359229746,0.8109319452858217,0.8213295,-0.95978202,1.78111152,0.8209563696004983,0.15100174395564187,-1.9259330318767625,0.9316557625498009,0.36748032531918845,0.03165576254980085,0.7726988656943725,0.0428871997061311,0.8677203730411687,0.9956216666334662,0.7298116659882414,0.12790129359229752,1620.8362487707063,0.32958992831943595,0.16479496415971798,0.01,3131377.97381944,0.02,3,M3_mirror_mismatch
-0.17639979810505318,0.8073258986132206,0.8027477999999999,-0.97461841,1.7773662099999998,0.8263727944113042,0.23377483273798286,-1.8939017315261368,0.9191238805851064,0.3680027903242685,0.01912388058510639,0.7714369275471501,0.040488045755677084,0.8309238910239363,1.0073236891289894,0.730948881791473,0.17639979810505313,1603.0055514122723,0.3344626604178202,0.1672313302089101,0.01,3230199.0400189804,0.02,3,M3_mirror_mismatch
-0.14908866638630322,0.809769199668043,0.8131326999999999,-0.9662931100000001,1.77942581,0.8233793701422627,0.18688223973847629,-1.914426847496675,0.9262487210771276,0.3679235853482306,0.026248721077127612,0.7725699530861091,0.04181291262485254,0.8517042721775265,1.00079293856383,0.7307570404612566,0.14908866638630336,1612.7112685339378,0.3291709364004064,0.1645854682002032,0.01,3167641.3295088382,0.02,3,M3_mirror_mismatch
-0.06430868308970097,0.8135547714699554,0.8461213999999999,-0.9391926,1.785314,0.8160925026626962,0.04491647750227721,-1.9474252942827133,0.9476477115946843,0.3656331667447936,0.04764771159468428,0.7721225449964727,0.04638909366845022,0.9155009047840532,0.9798095878737542,0.7257334513280225,0.06430868308970095,1630.713978217124,0.3083129165993046,0.1541564582996523,0.01,3035779.3930542776,0.02,3,M3_mirror_mismatch
-0.1483887493488372,0.8095771449920953,0.8133731000000001,-0.9661219000000001,1.7794950000000003,0.823064016117133,0.18565673182672102,-1.9142160840041955,0.9264409258803987,0.36780285914722005,0.026440925880398702,0.772352664498535,0.0418372022107526,0.8522537960332226,1.00064254538206,0.7305154622877824,0.1483887493488374,1613.8234269698642,0.33489904806977644,0.16744952403488822,0.01,3168559.7607782423,0.02,3,M3_mirror_mismatch
-0.11273003279587769,0.8124198594690836,0.8272160999999999,-0.9550085599999999,1.7822246599999998,0.8202036871131008,0.12536725084555364,-1.9348106537189556,0.9355405152260639,0.3674450224553294,0.03554051522606383,0.7734006071886733,0.043723941849730115,0.8791753541722075,0.9919053869680852,0.7296766653389432,0.11273003279587768,1622.7009193864312,0.32194967634347166,0.16097483817173583,0.01,3100962.2146327547,0.02,3,M3_mirror_mismatch
-0.09064399730718083,0.8128992008836388,0.8357040000000001,-0.9477203,1.7834243,0.8179373111951079,0.08854295510745515,-1.9418948962573086,0.9411008240691491,0.36663681150973637,0.041100824069149056,0.7728180008550279,0.044882213384687356,0.8957786232712764,0.9864226205784573,0.7279357874703406,0.09064399730718087,1626.3694872682918,0.3126194943609678,0.1563097471804839,0.01,3063845.3851303845,0.02,3,M3_mirror_mismatch
-0.11029526235215949,0.8118355869439285,0.8280114,-0.9541027199999998,1.7821141199999997,0.8192936379137363,0.12130638233207106,-1.9342587193455654,0.936172646910299,0.3670836482040683,0.03617264691029898,0.7727454724645023,0.043800648328859715,0.8810323552558139,0.9913276176079735,0.7289448241356427,0.11029526235215958,1623.659713704499,0.32468835543267993,0.16234417771633997,0.01,3095868.3789884606,0.02,3,M3_mirror_mismatch
-0.07217031249169432,0.8132976217301727,0.8429729999999999,-0.9417654,1.7847383999999997,0.8164934632421156,0.05787212997101216,-1.9459265425948526,0.9457109451827241,0.36590733571569867,0.045710945182724116,0.7722750976014064,0.04592656163908917,0.90963330358804,0.9818036160797342,0.7263485359623173,0.07217031249169426,1629.9362514060786,0.3058154607135429,0.15290773035677144,0.01,3043605.2804808076,0.02,3,M3_mirror_mismatch
-0.1505067907005949,0.8070639157024965,0.8124492999999999,-0.9667199099999999,1.7791692099999998,0.8209777451770779,0.18941521647893836,-1.906789091715084,0.9257980073364178,0.36677301294999054,0.025798007336417794,0.7700686863701115,0.04160114986645007,0.8506196249636484,1.0011264156642432,0.7284675365036615,0.1505067907005948,1620.1419106263504,0.3308386599482642,0.1654193299741321,0.01,3189530.0816323194,0.02,3,M3_mirror_mismatch
-0.12053656154920217,0.8115263394705423,0.8240739,-0.9573061900000001,1.78138009,0.8204291939738386,0.1385490634984205,-1.9303181933490914,0.9335495925199468,0.3674222321871404,0.033549592519946825,0.772935219199667,0.043268452763628576,0.873281156037234,0.9938177175864361,0.7296667664360384,0.12053656154920211,1620.4621164344817,0.32156146967478727,0.16078073483739364,0.01,3110874.2617358784,0.02,3,M3_mirror_mismatch
-0.1082553690458777,0.8122450663858007,0.8288270999999999,-0.9534462899999999,1.7822733899999998,0.8194274054456154,0.11786260729047365,-1.935898883007688,0.9366944131648937,0.36717444292534707,0.036694413164893636,0.7730401571262414,0.043925615867757305,0.8825665639660903,0.990821933011968,0.7291145412584841,0.10825536904587763,1623.2578216034283,0.3186513748686237,0.15932568743431186,0.01,3090730.4334732047,0.02,3,M3_mirror_mismatch
-0.11861899290890957,0.8120513070873068,0.8249461,-0.9568339900000001,1.7817800900000003,0.8206691116527582,0.13533178680112998,-1.932044315106438,0.9340229719082446,0.3675561680484076,0.03402297190824455,0.7733304966414045,0.043405779757040026,0.874713344325133,0.9933323372340426,0.7299247168843644,0.11861899290890954,1621.315348029767,0.32338883985879996,0.16169441992939998,0.01,3110580.7936839676,0.02,3,M3_mirror_mismatch
-0.11561210978723402,0.8117017901328833,0.8258928,-0.95575132,1.78164412,0.8198938687625263,0.13015130523716323,-1.932445835603434,0.9348670143284574,0.3672835830761996,0.0348670143284574,0.7728818288306463,0.04351256626563587,0.877060804807181,0.992672914594415,0.7293692625650104,0.11561210978723402,1621.513794370576,0.3195027054855646,0.1597513527427823,0.01,3101640.67156828,0.02,3,M3_mirror_mismatch
-0.15059598839760638,0.809773566724139,0.8126111,-0.96679185,1.7794029500000001,0.8236579272286436,0.1894837040920886,-1.9136536220391036,0.9258290212433511,0.3679805043553497,0.02582902124335107,0.7726302950718705,0.04175512952713818,0.850530921675532,1.0011269100731381,0.7308751655447323,0.15059598839760613,1612.3514425148962,0.3301089627573666,0.1650544813786833,0.01,3171760.5293527246,0.02,3,M3_mirror_mismatch
-0.11994124578789891,0.8114718285246718,0.8242870999999999,-0.95708064,1.7813677399999999,0.8202880170588424,0.13756456536794343,-1.9304269975523067,0.9336939329787234,0.3673729672593687,0.03369393297872336,0.7728582836411786,0.043292825660076556,0.8737231574368352,0.993664403224734,0.7295654579811021,0.11994124578789889,1620.5161609952,0.32092174239284743,0.16046087119642372,0.01,3109178.692439263,0.02,3,M3_mirror_mismatch
-0.07021045654920216,0.8135504096792053,0.8437351000000001,-0.9410836,1.7848187000000002,0.816574416264709,0.054608987979286754,-1.9468836625905617,0.9462055079787235,0.36593104537183435,0.04620550797872347,0.7724235059289333,0.04604576897021134,0.9110999245013298,0.9813103810505319,0.7263777369587219,0.0702104565492021,1629.121119905162,0.304930229588125,0.1524651147940625,0.01,3038897.6387787783,0.02,3,M3_mirror_mismatch
-0.08319929567819151,0.8131972212726145,0.8386435999999999,-0.9453175999999999,1.7839611999999998,0.8174422569740621,0.0761764185076269,-1.944044050220229,0.9429470245345746,0.3664042009485335,0.04294702453457455,0.7727302463211978,0.045307662144526605,0.9013471149933511,0.9845464106715427,0.7274225841766712,0.08319929567819162,1627.5271590368354,0.310281683425882,0.155140841712941,0.01,3054327.6677752202,0.02,3,M3_mirror_mismatch
-0.08878978641196016,0.8126880609878545,0.8363670000000001,-0.9471729,1.7835399,0.8175240122732055,0.08536858666605483,-1.941723860376851,0.9416084982724253,0.3664506079578229,0.0416084982724253,0.7725254856838486,0.0449696917603306,0.8972210063122925,0.9860107927242525,0.727555793923518,0.08878978641196,1627.5218123219988,0.3174461853311953,0.15872309266559764,0.01,3063351.8014502446,0.02,3,M3_mirror_mismatch
-0.12276722565116284,0.8111524182643503,0.8232174999999999,-0.95802417,1.78124167,0.8203901738503374,0.1423457449446971,-1.9285577500287099,0.9329781319269103,0.36735908870965267,0.03297813192691024,0.7726850436874521,0.043136754501063405,0.8716017921893688,0.9943690178405314,0.7295482891863887,0.1227672256511626,1620.8087221057892,0.3278994038380459,0.16394970191902294,0.01,3117180.9913765755,0.02,3,M3_mirror_mismatch
-0.1056372177692819,0.8122079442786098,0.8298533,-0.9525077999999999,1.7823611,0.8190488181587957,0.11361565429625234,-1.9365897179850267,0.9373069145611702,0.36703921365459635,0.03730691456117019,0.7728846719895572,0.04405521040495666,0.8844881223238031,0.9901253400930852,0.7288294615846006,0.10563721776928203,1623.6195314696909,0.3169112021374924,0.1584556010687462,0.01,3085390.675899576,0.02,3,M3_mirror_mismatch
-0.13257636879321813,0.8110669064197561,0.8195007999999999,-0.96119648,1.78069728,0.8218308951674357,0.15883237339380288,-1.924662422658674,0.9304898072140957,0.3677614864415266,0.030489807214095666,0.7730498780589001,0.04266179559235877,0.8642015195378989,0.996777888331117,0.7303880824665414,0.1325763687932181,1617.6688975215657,0.3260753196535817,0.16303765982679086,0.01,3135075.0679355026,0.02,3,M3_mirror_mismatch
-0.08652039002659571,0.8134113862292269,0.8374163,-0.9465217,1.783938,0.8179999151208432,0.0816453803304408,-1.9438055079858032,0.942133191256649,0.3666536715912476,0.04213319125664894,0.773089100208861,0.04514582161198333,0.8988727796875,0.9853931697140957,0.7279432785968777,0.08652039002659573,1627.359402889107,0.3134197764441884,0.1567098882220942,0.01,3061003.658471815,0.02,3,M3_mirror_mismatch
-0.0958801640957447,0.8127503300177763,0.8336652000000001,-0.9494339,1.7830991000000003,0.8183862809279193,0.0972558758218619,-1.9403476171075742,0.9397898062500001,0.3668192301297932,0.03978980625000006,0.7729294199941329,0.0445962212115382,0.8918495050531915,0.9877296691489362,0.7283331987825947,0.09588016409574474,1625.5497276820336,0.3147035178839053,0.15735175894195266,0.01,3071587.5030791145,0.02,3,M3_mirror_mismatch
-0.13375772459109045,0.811072960987173,0.8190459,-0.96161616,1.78066206,0.8220282701539445,0.16077923671737973,-1.9241811814567564,0.9302035264295212,0.3678125612429752,0.030203526429521177,0.7731052940672328,0.04260907000868147,0.8633245485139628,0.9970822731050532,0.7304962240585513,0.13375772459109037,1617.4348817572209,0.32682029439086047,0.16341014719543023,0.01,3137966.3406214723,0.02,3,M3_mirror_mismatch
-0.08898084837209304,0.8126562175091032,0.8362771000000001,-0.9472302,1.7835073000000001,0.8175131309240362,0.08567618155846583,-1.9416226685123696,0.9415700290033222,0.3664474284874713,0.041570029003322184,0.772506468898047,0.04495575420400505,0.8970869806644518,0.9860678290365449,0.7275507146940419,0.08898084837209308,1627.4671117433393,0.31742360170099404,0.15871180085049702,0.01,3063425.0695505547,0.02,3,M3_mirror_mismatch
-0.0800557500996016,0.8127166896022809,0.8398639000000001,-0.9442935,1.7841574000000002,0.8166500723578615,0.07103863315315921,-1.943313604251657,0.9437229787848606,0.36603685545828185,0.04372297878486053,0.7721187859023004,0.04545260360194391,0.9037103540504647,0.9837661041500664,0.7266661823003565,0.08005575009960164,1629.8284267200952,0.3047189023007933,0.15235945115039665,0.01,3054256.4130711034,0.02,3,M3_mirror_mismatch
-0.07735332859042554,0.8133512082516553,0.8409361,-0.9434039,1.7843399999999998,0.8170212515035614,0.06647839146893951,-1.9454037509975493,0.9444069558510639,0.3661896108491248,0.04440695585106391,0.7725884872243803,0.04563710674867151,0.9057299908577128,0.9830833194481384,0.7269513804757088,0.07735332859042565,1628.280795497204,0.3078021123227199,0.15390105616135996,0.01,3046968.4093774175,0.02,3,M3_mirror_mismatch
-0.10543293881648937,0.8127011805768685,0.8300697,-0.95261772,1.78268742,0.8195116310941031,0.11323139169678445,-1.9376284367255394,0.9373499447805851,0.367232495970562,0.037349944780585065,0.773324112411828,0.04411121688821284,0.8846333028723404,0.9900662416888298,0.7292128955236151,0.10543293881648941,1624.1327405894162,0.3197071607179927,0.15985358035899636,0.01,3088626.398314451,0.02,3,M3_mirror_mismatch
-0.07475751080452127,0.8135204744034242,0.8419745000000001,-0.9426026,1.7845771,0.8169481303578952,0.062143714154547475,-1.9461579513783331,0.9450554452127661,0.3661333571417925,0.045055445212766054,0.7726142287103817,0.04579642579116027,0.9076763654255319,0.9824338762300531,0.7268178029192214,0.0747575108045212,1628.6935673964674,0.3073317452078484,0.1536658726039242,0.01,3044641.5651956825,0.02,3,M3_mirror_mismatch
-0.15762177722074464,0.809058425284677,0.8098664000000001,-0.9689185199999999,1.77878492,0.8242694706091858,0.20145893824614547,-1.9085227917279817,0.9240360816156915,0.367976668587223,0.024036081615691485,0.772271078360234,0.04139129508983913,0.8452250943882978,1.0028468716090426,0.7308797832703948,0.15762177722074477,1609.8957117530963,0.3308141482145523,0.16540707410727615,0.01,3186116.4230557582,0.02,3,M3_mirror_mismatch
-0.06638169986702128,0.8136701851012986,0.8453047,-0.9398019,1.7851066,0.8163735053270758,0.04837737091036271,-1.9475921726060945,0.9471118348736703,0.3657913338459877,0.04711183487367032,0.772341450693965,0.046273654264090955,0.9139205819813829,0.9803022818484044,0.7260677964298741,0.06638169986702147,1629.545308935495,0.3033547950143335,0.15167739750716674,0.01,3035047.4376869304,0.02,3,M3_mirror_mismatch
-0.08534305501994678,0.8131824449781588,0.8378171000000001,-0.9460361,1.7838532000000002,0.8176485344332208,0.07972821576839272,-1.9435914221816506,0.9424114981382979,0.36650029870645057,0.04241149813829792,0.7728195670969098,0.045191943145933035,0.8997397094082445,0.9850827644281913,0.7276276239509768,0.08534305501994677,1627.274630088353,0.31133039605001755,0.15566519802500878,0.01,3057488.141206232,0.02,3,M3_mirror_mismatch
-0.14100817626662232,0.8105141938750634,0.8162562999999999,-0.9638514400000001,1.78010774,0.822688619252134,0.17309733540730496,-1.919825744223352,0.928333117819149,0.36788963742747005,0.028333117819148934,0.7729054324853739,0.04223501943646975,0.8578289223038563,0.9988370985704786,0.7306704130489041,0.14100817626662232,1615.3208770519566,0.32780718925187324,0.16390359462593662,0.01,3151892.5063709985,0.02,3,M3_mirror_mismatch
-0.1072206454255319,0.812385657111291,0.8292413999999999,-0.95316222,1.7824036199999997,0.8194307308647948,0.1160936017399176,-1.9364970254419627,0.9369617593417553,0.3671837341889712,0.036961759341755274,0.7731186517494223,0.04399148733182866,0.8833512632180852,0.990571908643617,0.7291271644175936,0.10722064542553178,1623.5609631516768,0.3187616862383643,0.15938084311918216,0.01,3089746.4192734556,0.02,3,M3_mirror_mismatch
-0.08585906379654254,0.813176347962971,0.8375940000000001,-0.9462192999999999,1.7838132999999998,0.8176964912009917,0.08053887515890121,-1.9434852709845607,0.9423147417220744,0.36652804048705345,0.04231474172207439,0.7728447595955079,0.045157925030856326,0.8993849679853724,0.9852440317819149,0.7276868345646516,0.08585906379654251,1627.2081511445526,0.3116626873056197,0.15583134365280985,0.01,3058242.6034252546,0.02,3,M3_mirror_mismatch
-0.09688445943615259,0.8118430307026354,0.8333863000000001,-0.9496677999999998,1.7830541,0.8176036356209991,0.09948796755964488,-1.937756974783428,0.9394692226865672,0.366446649933,0.03946922268656716,0.7721055473718451,0.04450792573109279,0.8910263817247098,0.9879108411608625,0.7275976216407524,0.09688445943615265,1628.5958090494707,0.3199368858810979,0.15996844294054896,0.01,3080960.4287389806,0.02,3,M3_mirror_mismatch
-0.09908572676196806,0.8128943171904562,0.8324571,-0.9505970999999999,1.7830541999999998,0.8189109549691502,0.10250053206895086,-1.939817841822944,0.9390108955784575,0.3670253784587526,0.039010895578457494,0.7732095887347662,0.044444882487426486,0.8894678628656913,0.9885535896276595,0.7287647062473397,0.09908572676196814,1625.2586879711273,0.3169878216182038,0.1584939108091019,0.01,3078301.2694362453,0.02,3,M3_mirror_mismatch
-0.13422297490365453,0.8102070643425403,0.8186858,-0.9615822800000001,1.7802680800000001,0.8212498365920959,0.16160459277215075,-1.9220754260291704,0.930097943754153,0.3674672012989804,0.030097943754152978,0.7723263447656519,0.04251864713620249,0.8629936042325583,0.9972165791362126,0.7298076976294494,0.1342229749036543,1617.614487527026,0.3297048294486288,0.1648524147243144,0.01,3136910.5915230312,0.02,3,M3_mirror_mismatch
-0.1320290638438538,0.8106661027565912,0.8196879000000001,-0.96094797,1.7806358700000002,0.8213471883789732,0.15812940864531097,-1.9238977357620781,0.9306352993023256,0.3675504913864548,0.030635299302325558,0.7726408323057069,0.04266865227916128,0.864604572269103,0.9966336361129567,0.7299721800265456,0.1320290638438537,1618.5909757531444,0.32564407744489743,0.16282203872244871,0.01,3134988.837824682,0.02,3,M3_mirror_mismatch
-0.09870381904920213,0.8128668895934772,0.8326011999999999,-0.9504542,1.7830553999999998,0.8188376054458368,0.10188122839821483,-1.9398611818925473,0.9391003403257978,0.3669953100994755,0.03910034032579779,0.7731659655369968,0.044462702974118605,0.8897482459441489,0.988452064993351,0.7287032625628782,0.09870381904920211,1625.2853686091626,0.31664670522041016,0.15832335261020508,0.01,3077416.072772976,0.02,3,M3_mirror_mismatch
-0.05076188331117022,0.814067562595681,0.8515143999999999,-0.9347222000000001,1.7862366,0.8156486775982476,0.022547338724395734,-1.949673136924781,0.9509895782579786,0.36517996334417024,0.05098957825797856,0.7719153841236674,0.0472091926048769,0.9256076864361702,0.9763695697473405,0.7247061915187906,0.050761883311170264,1630.9068745469056,0.2931207158766593,0.14656035793832964,0.01,3021417.9036230557,0.02,3,M3_mirror_mismatch
-0.1398499016301461,0.8100309854234521,0.816692,-0.96349262,1.78018462,0.8220147153987272,0.17120587071584517,-1.919008816775637,0.9286059590969455,0.3676208475207503,0.02860595909694552,0.7723947995130614,0.042262575213653716,0.8586961128452855,0.9985460144754317,0.7301322242994077,0.1398499016301462,1617.4538122478357,0.3319150426259209,0.16595752131296046,0.01,3153777.4857372567,0.02,3,M3_mirror_mismatch
-0.10932038063497337,0.8120769376054027,0.8284182999999999,-0.9537131400000001,1.7821314400000001,0.8194021590237267,0.11973881406228844,-1.9352179238890888,0.9363929978058511,0.36715300118997934,0.036392997805851035,0.7729352157463641,0.0438588304942129,0.8817326349567819,0.9910530155917553,0.7290763852521512,0.1093203806349734,1622.9176030704957,0.31830147537439113,0.15915073768719556,0.01,3091591.565376267,0.02,3,M3_mirror_mismatch
-0.09137065525265958,0.8133836863370614,0.8355066000000001,-0.9481887000000001,1.7836953000000002,0.8184996138304327,0.08959743855844639,-1.9427018013666588,0.9409546929188829,0.3668678551143853,0.04095469291888287,0.7732926286796475,0.04488842111196323,0.895269150831117,0.9866398060837767,0.7284042075676843,0.09137065525265964,1626.7548993682308,0.31590299679325695,0.15795149839662848,0.01,3068606.6356028602,0.02,3,M3_mirror_mismatch
-0.11209891036901595,0.8121297771983058,0.8273480000000001,-0.95470516,1.7820531600000002,0.8198298242428672,0.1242869114802414,-1.9344538156665159,0.9357283253324469,0.367300990095969,0.03572832533244685,0.7731105392240093,0.04372533660173548,0.8796787182546542,0.9917776286236701,0.7293852026222738,0.11209891036901598,1622.523814805421,0.32012486215465463,0.16006243107732732,0.01,3097546.3794496316,0.02,3,M3_mirror_mismatch
-0.13257083672539893,0.8107971345304138,0.8193516,-0.96115957,1.78051117,0.8215637650924014,0.15868500387929793,-1.924168014664699,0.930559214793883,0.3676504725176333,0.030559214793883016,0.772804086757373,0.04263546357420284,0.864273669325133,0.9968445060505319,0.7301686231831701,0.13257083672539882,1617.4235068564974,0.32446827454746147,0.16223413727373073,0.01,3133082.3813532586,0.02,3,M3_mirror_mismatch
-0.08824073440824466,0.8133432495187886,0.8367477,-0.9470759000000001,1.7838236,0.8181159262272607,0.08451435379401483,-1.943301831986683,0.941687734906915,0.3667025575182143,0.04168773490691502,0.7731042743958216,0.0450530975664151,0.8975671644281914,0.985807898836436,0.7280511768294066,0.08824073440824465,1627.0952570464458,0.3138795802629866,0.1569397901314933,0.01,3063222.5013062414,0.02,3,M3_mirror_mismatch
-0.08222961954787238,0.8132315696305411,0.8390114000000001,-0.9450137,1.7840251,0.8173783066455467,0.07453494636000492,-1.9443033029705448,0.9432048920212766,0.36637402523892443,0.04320489202127653,0.7727165404685493,0.04536098958184085,0.9020898169880319,0.9843194365359043,0.7273555508867084,0.08222961954787233,1627.6654898289867,0.3099372346724733,0.15496861733623665,0.01,3053128.9812404746,0.02,3,M3_mirror_mismatch
-0.11936344557475086,0.8116058158622783,0.8245683,-0.9570744999999999,1.7816428,0.8203362923100201,0.1365148052450361,-1.9307259881072516,0.9338657104318937,0.3673919934969908,0.03386571043189368,0.7729439022311144,0.04334113532783615,0.8741915032292358,0.9935549488039866,0.7296027669032783,0.11936344557475087,1621.885509633696,0.328374287822748,0.164187143911374,0.01,3113047.028929355,0.02,3,M3_mirror_mismatch
-0.06638890678191485,0.8137336378108337,0.8452568000000001,-0.9398771,1.7851339000000002,0.8164373339384665,0.04825190807067742,-1.9477316400959395,0.9471688689162233,0.365820825915356,0.047168868916223294,0.7724027416226663,0.04627484939020182,0.9139740122340426,0.9803629190159573,0.7261278922324645,0.06638890678191467,1629.6072023658476,0.3036457099875179,0.15182285499375894,0.01,3035523.261415793,0.02,3,M3_mirror_mismatch
-0.07560427652722443,0.8128416349015272,0.8416453000000002,-0.9428183,1.7844636,0.8163501271259733,0.06371595278743748,-1.9443058903202286,0.9448002947211155,0.36587275812497827,0.04480029472111546,0.7720136954367396,0.04570945047126198,0.907013609628154,0.9826178861553785,0.7263042449654776,0.07560427652722446,1630.313032248786,0.31103514360473583,0.15551757180236792,0.01,3048891.4777591405,0.02,3,M3_mirror_mismatch
-0.1140976559441489,0.8119812446551936,0.8265655,-0.95532669,1.78189219,0.8199584238019308,0.12765121656155684,-1.9334921732031733,0.9352093682513298,0.3673239454756197,0.03520936825132981,0.7730610991764869,0.043618480914111836,0.8781603980452128,0.9922580539893617,0.7294426182623751,0.11409765594414889,1622.0460124072813,0.32031384618932246,0.16015692309466123,0.01,3100545.7467581346,0.02,3,M3_mirror_mismatch
-0.15669997716755324,0.8086255267746308,0.8100666,-0.9684650100000001,1.77853161,0.8236686988078769,0.19987488634664527,-1.9081816259792295,0.9242911334109042,0.3677616038496033,0.024291133410904164,0.7718386678267786,0.04139099104969393,0.8459410355319149,1.002641012699468,0.7304476767770847,0.15669997716755313,1609.7124630773255,0.3278504501635422,0.1639252250817711,0.01,3180326.6727988063,0.02,3,M3_mirror_mismatch
-0.13965192111885796,0.8099172555641826,0.8166916,-0.96341835,1.78010995,0.8218689797849807,0.17079633696956534,-1.918897555671521,0.9286963117197874,0.3675667029133624,0.02869631171978737,0.7722833543250591,0.04225960313016474,0.8588850704814077,0.9985369916002657,0.7300237511948944,0.13965192111885794,1617.4681017957741,0.32262573314887866,0.16131286657443933,0.01,3152439.760371846,0.02,3,M3_mirror_mismatch
-0.15205212335989376,0.8090356851782594,0.8119708,-0.9672709000000002,1.7792417,0.8232002114371134,0.1919171996768953,-1.911077444598684,0.9254839507968127,0.36771827894125136,0.02548395079681265,0.7719995096438368,0.041643075011061285,0.8494727864010623,1.0015249097609562,0.7303564346327756,0.15205212335989393,1613.6335481337708,0.33429332232562153,0.16714666116281077,0.01,3178781.444093422,0.02,3,M3_mirror_mismatch
-0.12869933074135637,0.8111929627549402,0.8209544999999999,-0.9599435100000001,1.78089801,0.8213388707204907,0.152273884026555,-1.9265191444172933,0.9314793872672874,0.367642494204768,0.031479387267287384,0.7729926020453147,0.04285429853902912,0.8671295883078458,0.9958289190492021,0.7301383035062856,0.1286993307413563,1618.5816218013995,0.32426801246003956,0.16213400623001978,0.01,3126834.744856398,0.02,3,M3_mirror_mismatch
-0.0925167563829787,0.8132252546140999,0.8351038,-0.9484567000000002,1.7835605,0.818470931037746,0.09167282491967674,-1.9420950846882634,0.940600947706117,0.36685421814332814,0.040600947706117,0.7732001512114849,0.04481788384031882,0.8943423625997341,0.9868591189827126,0.7283822673711661,0.09251675638297852,1626.452404202877,0.31550319579151376,0.15775159789575688,0.01,3069347.675137062,0.02,3,M3_mirror_mismatch
-0.07260890871010642,0.7739312632948159,0.7837292,-0.9339845,1.7177137,0.7773298231311997,-0.01260841429745389,-1.9382724762564911,0.9851418871010638,0.34746664608125316,0.08514188710106374,0.7341303958854707,0.04518438375673102,0.9487823300199468,1.0213912387300532,0.6889460121287396,0.07260890871010639,1558.47811495797,0.3187687029902943,0.15938435149514715,0.01,2757459.566314348,0.02,4,high_temperature
-0.06659364898771991,0.7791183218689178,0.7951087,-0.9332663000000001,1.7283750000000002,0.7819591252471821,-0.012109129930216917,-1.9373413333291938,0.9805702154331231,0.3496797305780552,0.08057021543312304,0.738935216029065,0.04552967624704141,0.9472409064055758,1.0138345553932955,0.6934055397820236,0.06659364898771969,1571.6302908681391,0.32118137857675755,0.16059068928837877,0.01,2795598.484220398,0.02,4,high_temperature
-0.06871494371675531,0.7763323644528735,0.7899283999999999,-0.9331611,1.7230895,0.7793674894342115,-0.013633677751130257,-1.936830543528869,0.9828085321808511,0.34852619467922685,0.08280853218085105,0.7363912364654731,0.045306877436875885,0.9483961431183512,1.0171110868351065,0.6910843590285972,0.06871494371675535,1563.7465020066434,0.317461100603093,0.1587305503015465,0.01,2769320.3096402753,0.02,4,high_temperature
-0.0714777541555851,0.773784805937583,0.7848823000000001,-0.9334610999999999,1.7183434000000002,0.7770791434847478,-0.013508574905080917,-1.9366394944091494,0.9847822459109044,0.3474313546246513,0.08478224591090433,0.7340216997711713,0.04514561715522709,0.9489882736037234,1.0204660277593085,0.6888760826159441,0.0714777541555851,1558.8606168502747,0.3171622415780721,0.15858112078903605,0.01,2754959.3919323822,0.02,4,high_temperature
-0.07143049216727512,0.7740890413365683,0.7858457999999999,-0.9336641,1.7195098999999998,0.7773777454549535,-0.012334482360143385,-1.9360588029703685,0.9842320716561567,0.3475355244199335,0.08423207165615665,0.7342752313921693,0.045189312367554114,0.948483535579157,1.0199140277464323,0.6890859190246152,0.07143049216727526,1562.336071559294,0.3197423405626234,0.1598711702813117,0.01,2766201.950889822,0.02,4,high_temperature
-0.06852917945478725,0.7765237417828266,0.7902829999999998,-0.9331454000000001,1.7234284,0.7795417692395632,-0.01362532657285586,-1.9368754353591722,0.9826680511635639,0.3486078408232859,0.0826680511635639,0.7365685994344539,0.04531974925369913,0.9483485646276595,1.0168777440824468,0.6912488501807548,0.06852917945478731,1564.1011380015768,0.3175089540660168,0.1587544770330084,0.01,2770434.0871993583,0.02,4,high_temperature
-0.07058314870431893,0.7750698646893475,0.7871362000000001,-0.9335898,1.720726,0.7782771203309137,-0.012856903935304705,-1.936939533942955,0.9838096722923587,0.3479627591119752,0.0838096722923587,0.7351952999048668,0.04524569258304054,0.9484712480066445,1.0190543967109635,0.6899496073218262,0.07058314870431903,1562.3139175193735,0.3185339346115198,0.1592669673057599,0.01,2766489.163363935,0.02,4,high_temperature
-0.07211023477393617,0.7733145826814652,0.7838221,-0.9335450000000001,1.7173671000000001,0.7766693825219073,-0.013363081683687729,-1.936800861024013,0.9851728358710107,0.3472198756445779,0.08517283587101065,0.7335749507781509,0.04512574260454856,0.9490625839760637,1.0211728187499998,0.6884492081736023,0.07211023477393608,1557.8811353249773,0.3172817058906833,0.15864085294534164,0.01,2752489.954108206,0.02,4,high_temperature
-0.06575332995345744,0.7798673640216562,0.7959591,-0.9330514999999999,1.7290106,0.7826344011516837,-0.013129361282345396,-1.9382752255957068,0.980386019281915,0.3500228566125859,0.08038601928191502,0.739656657545893,0.04555704830308392,0.9474547091090425,1.0132080390625,0.6940996092428091,0.0657533299534575,1570.0397597004428,0.3189232282980104,0.1594616141490052,0.01,2790604.4289804916,0.02,4,high_temperature
-0.06398147446808508,0.7828437218273798,0.800206,-0.9332437000000001,1.7334497,0.7854539591087782,-0.012199232031979304,-1.940437065546117,0.9786156764295212,0.3512676477811538,0.07861567642952116,0.7423902553127063,0.04578601101696433,0.9465705093417552,1.0105519838098405,0.696604244295742,0.06398147446808522,1574.9266600182466,0.32118144868930576,0.16059072434465288,0.01,2809566.6589936074,0.02,4,high_temperature
-0.06781657478405312,0.777975094017645,0.7924534,-0.9333973,1.7258507,0.78092530675296,-0.012731574284670064,-1.9376570973790004,0.981712940730897,0.3492056017089072,0.08171294073089697,0.7378915726662825,0.04543696636506304,0.9477580092026576,1.0155745839867107,0.6924546063012195,0.06781657478405312,1567.6820757435296,0.3193295941924349,0.15966479709621745,0.01,2783459.481232552,0.02,4,high_temperature
-0.07425328400930847,0.7711045176640664,0.7797118000000001,-0.9337495,1.7134613,0.7746713673217176,-0.01350871124376332,-1.9362156541111555,0.9868119155917553,0.34628404535331814,0.08681191559175527,0.7315335815758297,0.044969640067949054,0.9496299786901595,1.023883262699468,0.6865639415078807,0.07425328400930853,1553.8047090019459,0.3166890008109786,0.1583445004054893,0.01,2739886.2805563756,0.02,4,high_temperature
-0.06945411087101065,0.7750998012056689,0.7881699000000001,-0.9330532,1.7212231,0.7782053555109667,-0.013980378315531825,-1.9359744283910083,0.9835415367353724,0.3480138030881185,0.08354153673537235,0.7352624561403548,0.045211156445424644,0.948759494281915,1.0182136051529258,0.6900512996949302,0.06945411087101083,1561.6969462004686,0.31656758175974004,0.15828379087987002,0.01,2761593.3614707123,0.02,4,high_temperature
-0.0663122145944149,0.7788738024411437,0.7945807000000001,-0.9329247,1.7275054,0.7816915695679093,-0.013392443557842628,-1.9376193709676632,0.9809425618683509,0.34959877305569864,0.08094256186835092,0.7387348228624462,0.045491782278128286,0.9477317522606382,1.0140439668550532,0.6932430405843178,0.06631221459441494,1568.379532152576,0.31822714231063726,0.15911357115531863,0.01,2784265.8686757283,0.02,4,high_temperature
-0.06803014301861704,0.7779483920262018,0.7919309,-0.9333845000000001,1.7253154,0.7809172818008873,-0.012928649737231466,-1.9383587931989978,0.9819432136303191,0.3491913022589191,0.08194321363031909,0.7378649416914352,0.04544115402938682,0.9478733363031915,1.0159034793218085,0.6924237876620484,0.06803014301861698,1566.2675068852077,0.31896359597791224,0.15948179798895612,0.01,2779836.3057174864,0.02,4,high_temperature
-0.06719296645611701,0.7781376537273572,0.7930394000000001,-0.9330409,1.7260803,0.7810333558110623,-0.013289989758838903,-1.9376685324827227,0.9815458281250001,0.34928264660366765,0.08154582812500011,0.7380506652122966,0.04544520792729808,0.9478945673537233,1.0150875338098404,0.6926054572849984,0.06719296645611705,1566.9282472102316,0.31821006622656944,0.15910503311328472,0.01,2780144.375448636,0.02,4,high_temperature
-0.06863458055186165,0.7776850855682279,0.7910495,-0.933544,1.7245935000000001,0.7807078826057747,-0.012689999779940116,-1.938748761754436,0.9822748247672872,0.34907532390903107,0.0822748247672872,0.737616905409633,0.045428809950983536,0.9479027140292553,1.016537294581117,0.6921880954586495,0.06863458055186178,1565.5925027269348,0.3193415348285349,0.15967076741426744,0.01,2778730.6423732536,0.02,4,high_temperature
-0.06904621040558509,0.7769252993359582,0.7900082,-0.9334830000000001,1.7234912000000002,0.7799873716411316,-0.012965259237401949,-1.9381345975659419,0.9827059336103724,0.34875578780927896,0.08270593361037237,0.7369177433885571,0.04537115793356329,0.9481279566156916,1.0171741670212766,0.6915465854549938,0.069046210405585,1564.3668757603505,0.318719261632892,0.159359630816446,0.01,2773899.770052061,0.02,4,high_temperature
-0.07262506386303191,0.7726792307929231,0.7827430000000001,-0.9336019000000001,1.7163449000000002,0.7760847850588575,-0.013538135511239275,-1.9364266149456424,0.9856332751994681,0.34696310744732045,0.08563327519946806,0.7330004451629072,0.04506746912035965,0.9492655542885637,1.0218906181515959,0.6879329760425476,0.07262506386303214,1556.789529600469,0.31694270289780596,0.15847135144890298,0.01,2748720.4301857087,0.02,4,high_temperature
-0.06936408819813826,0.7756477152468074,0.7886802999999999,-0.9331882,1.7218684999999998,0.7787430608995187,-0.013642960021607682,-1.936693596347714,0.983292877194149,0.3482292475125708,0.08329287719414902,0.7357517639643423,0.04526631131452886,0.9485558736037234,1.0179199618018617,0.6904854526498134,0.06936408819813833,1562.469486598687,0.3172983394410335,0.15864916972051674,0.01,2765324.252722567,0.02,4,high_temperature
-0.0648874166888298,0.7816242561603707,0.7982700000000001,-0.9332345000000001,1.7315045000000002,0.784312982592283,-0.012442247937372124,-1.9397896529219394,0.9793950307513298,0.3507493743214122,0.07939503075132981,0.7412620288411899,0.0457005151650532,0.9468968049534575,1.0117842216422872,0.6955615136761366,0.06488741668882969,1572.8295740114615,0.32046181726351464,0.16023090863175732,0.01,2801991.9841601495,0.02,4,high_temperature
-0.06848186130319152,0.7769829009736287,0.7907035,-0.9332353999999999,1.7239388999999998,0.7799949959666057,-0.013267515714930173,-1.9375515807189,0.9824624342420212,0.34878903507755316,0.08246243424202115,0.7369795786920427,0.04536716177450207,0.9481666366023935,1.016648497905585,0.6916124169175406,0.06848186130319145,1564.724546921899,0.31809049423237007,0.15904524711618503,0.01,2773602.450601408,0.02,4,high_temperature
-0.06830783059800666,0.7774612862755765,0.7915148000000001,-0.9333932,1.724908,0.7804562840917356,-0.012701376663934732,-1.9376140477615271,0.9820754843853821,0.34898071310410556,0.08207548438538204,0.7374094112429898,0.04541007265291184,0.9478750116279069,1.0161828422259136,0.6919993385900779,0.06830783059800671,1566.7557270364525,0.3169459070090195,0.15847295350450974,0.01,2780444.952881191,0.02,4,high_temperature
-0.06852706441860464,0.7770438011460209,0.7909598,-0.9333461000000001,1.7243059,0.7800596307060688,-0.012831256689246609,-1.9372712903558877,0.982305816677741,0.34880693346742053,0.08230581667774095,0.7370268929372534,0.04537731470964775,0.9479953912956812,1.0165224557142856,0.6916495782276056,0.06852706441860434,1566.0284378060887,0.31890540957840363,0.15945270478920182,0.01,2777776.8209044132,0.02,4,high_temperature
-0.07143383291223408,0.7746375148505563,0.7855863999999999,-0.9336905999999999,1.719277,0.7779242070397211,-0.012881536287974848,-1.9378954353379279,0.9844416834109041,0.3477741839675897,0.08444168341090408,0.7347913631629781,0.04522601118442319,0.9486697221409573,1.0201035550531914,0.689565351978555,0.07143383291223404,1560.0098049788412,0.318395688550479,0.1591978442752395,0.01,2760875.9200065127,0.02,4,high_temperature
-0.06618343706781918,0.7802561032812236,0.7957673,-0.9333517000000001,1.729119,0.7830580017148855,-0.012549050532091207,-1.939399133004292,0.9804004479388297,0.3501712004005933,0.08040044793882972,0.7399991142040389,0.04560266048377254,0.9472541158577127,1.013437552925532,0.6943964537202663,0.06618343706781926,1570.3286690000043,0.3200496593388349,0.16002482966941745,0.01,2793861.6194490977,0.02,4,high_temperature
-0.07104261336436171,0.7741230985546236,0.7856308999999999,-0.9333873,1.7190181999999998,0.7773761152939095,-0.013561773777340956,-1.9365960405317448,0.9844806037898935,0.347572572571262,0.08448060378989353,0.7343321476247877,0.04517076472105975,0.9489042084441488,1.0199468218085106,0.689161382903728,0.0710426133643618,1559.5385373109748,0.31713368465805775,0.15856684232902887,0.01,2756767.2537969877,0.02,4,high_temperature
-0.07077604288563827,0.7744319688046635,0.7861689,-0.9333597,1.7195285999999999,0.7776593872340365,-0.013506502345546952,-1.936734363340697,0.9842824649601064,0.3477097081504744,0.08428246496010638,0.734623726355513,0.04518789294139546,0.9488393937167554,1.0196154366023935,0.6894358334141175,0.0707760428856381,1560.0840635314412,0.3172662338999972,0.1586331169499986,0.01,2758589.050978017,0.02,4,high_temperature
-0.07015203242524919,0.7753671442991277,0.7878607,-0.9334374999999999,1.7212982,0.7785342099817949,-0.012845357124196911,-1.9369589531951206,0.9835219924252491,0.3480858917421503,0.08352199242524905,0.735466919827271,0.04527233091047953,0.9483990932225914,1.0185511256478406,0.6901945889167914,0.07015203242524914,1562.8892887892964,0.31852667544843627,0.15926333772421813,0.01,2768027.418190411,0.02,4,high_temperature
-0.06907398693484045,0.7772348475597696,0.7902142000000001,-0.9335808,1.723795,0.7802981634813277,-0.012701565339881375,-1.938654654433661,0.982593082712766,0.3488781015373426,0.082593082712766,0.7371944381491755,0.04540320096002097,0.9480012411569148,1.0170752280917552,0.6917912371891546,0.06907398693484046,1564.7556162350716,0.31923179407924157,0.15961589703962079,0.01,2776110.938238121,0.02,4,high_temperature
-0.06393491577025232,0.7817307589296137,0.7999474999999999,-0.9329774999999999,1.7329249999999998,0.7843409035051144,-0.012265640399282475,-1.937996091522734,0.9786789162018592,0.3507890115594986,0.07867891620185918,0.7413519049891242,0.045709770280571854,0.9466732889774236,1.0106082047476759,0.6956421347085523,0.06393491577025223,1576.0068902736698,0.3181181949335129,0.15905909746675645,0.01,2809091.1379408455,0.02,4,high_temperature
-0.07299409248670215,0.7723776942529711,0.7821094,-0.9336168,1.7157262,0.7758192058189158,-0.013433872276473777,-1.9365317489792624,0.9858552915226063,0.3468225453711491,0.08585529152260629,0.7327089102400302,0.04506032747910439,0.949303034175532,1.022297126662234,0.6876485827609258,0.07299409248670208,1556.1628218022722,0.317000621950914,0.158500310975457,0.01,2747098.9453937295,0.02,4,high_temperature
-0.06388565285904256,0.7813980432141019,0.7992275000000001,-0.9327531,1.7319806,0.7840052796888893,-0.013307089022758692,-1.938175887382442,0.9791215418550532,0.3506855022940148,0.07912154185505316,0.7410845955133285,0.045651310023997735,0.9471241909242021,1.0110098437832447,0.6954332854893308,0.06388565285904257,1573.0629933304622,0.3188464729668088,0.1594232364834044,0.01,2799225.193575537,0.02,4,high_temperature
-0.06858541049833888,0.7770342831253256,0.7908865999999999,-0.9333671000000001,1.7242537,0.7800552773267511,-0.012795915274593271,-1.9373415669515186,0.9823189509634552,0.3487963489103656,0.0823189509634552,0.73701155982741,0.04538272396029272,0.9479794495348837,1.0165648600332227,0.6916288358671172,0.068585410498339,1565.9819944374678,0.3189665302503567,0.15948326512517835,0.01,2777782.294157742,0.02,4,high_temperature
-0.06791302586436172,0.777375577943141,0.791625,-0.933179,1.724804,0.78033644555697,-0.01346107434019029,-1.937310521506767,0.9821278877659574,0.3489695057291683,0.08212788776595736,0.7373562792351819,0.045378661548844575,0.9481165405252658,1.0160295663896275,0.6919776176863373,0.06791302586436165,1565.583200999456,0.31792816213599,0.158964081067995,0.01,2775661.737058346,0.02,4,high_temperature
-0.07250810781250001,0.7725852698906943,0.7828043,-0.9335076,1.7163119,0.775980299331514,-0.01366795076446249,-1.9361717543172714,0.9856174868018616,0.3469244955489437,0.08561748680186154,0.7329150913232685,0.0450596085391674,0.9493082513630319,1.021816359175532,0.6878554827841011,0.07250810781250017,1556.7099564374105,0.31670597546180534,0.15835298773090267,0.01,2747909.9821965354,0.02,4,high_temperature
-0.07350149750664896,0.7711025940498443,0.7805690999999999,-0.9333841,1.7139532,0.7745977541189484,-0.013962826746026627,-1.9353537105493088,0.9865029614694147,0.34629071038452536,0.08650296146941472,0.7315395397556609,0.04496245185662217,0.9496969365026597,1.0231984340093085,0.6865770878990387,0.0735014975066488,1554.1534152382455,0.3158566472639106,0.1579283236319553,0.01,2738867.8001173637,0.02,4,high_temperature
-0.07044023597074463,0.7763032186039407,0.7879780999999999,-0.93384,1.7218181,0.7794924720986418,-0.01240195148851888,-1.9390217513079784,0.9834483875,0.34847375251415125,0.08344838749999994,0.7363246159781438,0.04534857154607931,0.9481733476396277,1.0186135836103722,0.6909760444320645,0.07044023597074456,1562.790956370427,0.319563043090868,0.159781521545434,0.01,2771287.87355326,0.02,4,high_temperature
-0.07359568643617022,0.7710475346950059,0.7804239,-0.9333863,1.7138102,0.7745518871071565,-0.013912412496375438,-1.935425691593305,0.9865609233710105,0.3462668087861033,0.08656092337101051,0.7314880899971408,0.04496032043081175,0.949707806881649,1.0233034933178191,0.686527769566329,0.0735956864361701,1554.0173187374967,0.3159159532109848,0.1579579766054924,0.01,2738609.0257649045,0.02,4,high_temperature
-0.06638901103723402,0.7797352252587239,0.7951342000000001,-0.9332781,1.7284123,0.7825564019901535,-0.012790037437034179,-1.9388957621550207,0.9806677035239362,0.3499520049448688,0.08066770352393615,0.7395191706506705,0.04556345667378087,0.9474185500997341,1.0138075611369681,0.6939557139768897,0.06638901103723405,1569.5236421957636,0.31954382305086465,0.15977191152543233,0.01,2790432.1393639767,0.02,4,high_temperature
-0.07237065844414894,0.7723138980805759,0.782766,-0.9333216,1.7160875999999998,0.7756972794667091,-0.01389785003432073,-1.9356700035738543,0.9856400447140957,0.3468096505432745,0.0856400447140957,0.7326645649986613,0.045041102608510436,0.9493995169547872,1.021770175398936,0.6876234623901508,0.07237065844414892,1556.388425864658,0.3161948014857958,0.1580974007428979,0.01,2745833.1389915766,0.02,4,high_temperature
-0.0744946067819149,0.7721126972790063,0.7802197000000001,-0.9341877000000001,1.7144074000000002,0.7756980493330216,-0.012611253582875969,-1.9379753718664379,0.9865218239029256,0.3466896697797344,0.08652182390292562,0.7324437021816373,0.045063345690420406,0.9492192874002658,1.0237138941821808,0.687380356491217,0.074494606781915,1555.0548415754117,0.31843750173120733,0.15921875086560366,0.01,2747249.7426634543,0.02,4,high_temperature
-0.07111210764119602,0.7743558665308136,0.7860022000000001,-0.9335716,1.7195738,0.7776142616258142,-0.012985672191907471,-1.9365613566675188,0.9842783563455149,0.3476663670285523,0.08427835634551484,0.7345413527105772,0.04519049593844497,0.9486751492691029,1.019787256910299,0.6893508567721323,0.07111210764119613,1561.07524278919,0.3181472010634874,0.1590736005317437,0.01,2762156.6905693193,0.02,4,high_temperature
-0.0701091619680851,0.7757384938419217,0.7879209,-0.9334746999999999,1.7213956,0.778900189639212,-0.012983581071089729,-1.9378706271895763,0.9835274506981384,0.34824460745066604,0.08352745069813838,0.7358127082332873,0.04529922541722111,0.9484179130651597,1.0185270750332447,0.6905134828160662,0.07010916196808503,1562.1668445362086,0.3183936181222442,0.1591968090611221,0.01,2766901.639513256,0.02,4,high_temperature
-0.07324957513297874,0.7718705191998821,0.7814291000000001,-0.9335516,1.7149807000000001,0.7753383768826728,-0.013621018356102382,-1.9361221071152992,0.9861527412234043,0.3466157179417247,0.08615274122340433,0.7322485518935289,0.045017151224165726,0.9494727169547873,1.0227222920877659,0.6872314006693632,0.07324957513297858,1555.3374624810024,0.31661650454509327,0.15830825227254663,0.01,2743893.764931747,0.02,4,high_temperature
-0.06804669434840427,0.7779905805981987,0.7919381000000001,-0.9334365000000001,1.7253746000000003,0.780960751965979,-0.012934908974625193,-1.9383756814222484,0.9819527047207447,0.3492159258341675,0.08195270472074467,0.7379107863316727,0.04543647598360385,0.9478745528590425,1.0159212472074468,0.6924743103480688,0.06804669434840427,1566.3402465638974,0.3190005279026267,0.15950026395131334,0.01,2780153.654553999,0.02,4,high_temperature
-0.07411885109707447,0.7710967427282527,0.7798516999999999,-0.9337086000000001,1.7135603000000001,0.7746507540395682,-0.013634804318494098,-1.9360038470246286,0.9867645570478722,0.3462833736382412,0.08676455704787223,0.7315292586175353,0.044965000597911156,0.9496498344747341,1.0237686855718084,0.6865642580196241,0.07411885109707439,1553.8740649827093,0.31650492684513953,0.15825246342256977,0.01,2739651.5615326315,0.02,4,high_temperature
-0.07285788368770761,0.7724887698485391,0.7826223999999999,-0.933641,1.7162633999999999,0.7759169870273241,-0.013034663746458907,-1.93614089312676,0.9855909226578075,0.34685863210191054,0.08559092265780743,0.7327992867688331,0.045077885594289754,0.9491147581727576,1.021972641860465,0.6877214011745434,0.07285788368770751,1557.6064477889088,0.31766193160939543,0.15883096580469772,0.01,2751350.574305442,0.02,4,high_temperature
-0.07409678511627904,0.7712889585949156,0.780306,-0.9337884,1.7140944,0.7748399778115463,-0.013068642051112432,-1.935904599935565,0.9865105554152825,0.34635014738119135,0.08651055541528252,0.7316905587899785,0.04499356085546367,0.9494149044186045,1.0235116895348837,0.6866969979345148,0.07409678511627915,1555.3583393200404,0.3174154030657877,0.15870770153289385,0.01,2744609.3289233586,0.02,4,high_temperature
-0.07085911083776594,0.7747149394689872,0.7862965000000001,-0.933511,1.7198075,0.7779487457571708,-0.013273467367852548,-1.9371973574814467,0.9842032084109041,0.34782262020531696,0.08420320841090412,0.7348786510290553,0.04521335169476822,0.9487186089760639,1.0195777198138298,0.689665299334287,0.07085911083776597,1560.4480556399997,0.31770574010793196,0.15885287005396598,0.01,2760678.6733693797,0.02,4,high_temperature
-0.07336072352159471,0.772076529079332,0.7817305,-0.9337753999999999,1.7155059,0.775553971371948,-0.013066044547854684,-1.9360568475311852,0.98595378269103,0.34668967635097525,0.08595378269102993,0.732424223158767,0.045041212004151815,0.9492261650830565,1.0225868886046512,0.6873830111546152,0.07336072352159473,1556.8323402059395,0.31760313631608816,0.15880156815804408,0.01,2749132.2826095466,0.02,4,high_temperature
-0.06687425804521276,0.7781779183165836,0.7934192999999999,-0.9329335000000001,1.7263528,0.7810461183212096,-0.013505016079274621,-1.9373059791188019,0.9814246441156914,0.34931038013738225,0.08142464411569139,0.7380982820707355,0.045437091762466665,0.9479327352726064,1.0148069933178192,0.6926611903082688,0.06687425804521285,1567.151908118822,0.31791661771993573,0.15895830885996787,0.01,2780041.262404086,0.02,4,high_temperature
-0.06883925096409574,0.7765936677070917,0.7899934000000001,-0.9332979000000001,1.7232913,0.7796387414668735,-0.01335622246592574,-1.937364905541621,0.9827538811170212,0.3486283202240241,0.0827538811170212,0.7366239636464272,0.04533418702576551,0.9482793620013298,1.0171186129654255,0.6912897766206617,0.06883925096409571,1564.0395016209004,0.3179369592715787,0.15896847963578936,0.01,2771310.8049561605,0.02,4,high_temperature
-0.07401664883643619,0.7703945917381101,0.7794416999999999,-0.9333543,1.712796,0.7739420464636262,-0.014102701380292244,-1.934997055060366,0.9869690960106383,0.3459960304003245,0.08696909601063829,0.730890235646855,0.04490903167494373,0.949905443118351,1.0239220919547873,0.6859812039719112,0.07401664883643633,1552.9128093157476,0.31552021100673483,0.15776010550336741,0.01,2734617.945996872,0.02,4,high_temperature
-0.07232152051196807,0.7733485443349928,0.783609,-0.9336714,1.7172804,0.7767228420448412,-0.013228890796375932,-1.9370577714080888,0.9852513506648936,0.34723488090342847,0.08525135066489353,0.7336074329882311,0.04512665254955144,0.9490354532912234,1.0213569738031913,0.6884807804386797,0.07232152051196794,1557.841546509455,0.31753644839263523,0.15876822419631761,0.01,2753003.7030555257,0.02,4,high_temperature
-0.07063655827792552,0.7747268959603848,0.7865474,-0.9334231,1.7199705,0.7779404133285297,-0.013425615127560565,-1.936941180922125,0.9841220977726064,0.34783310037191384,0.08412209777260637,0.7348947461922045,0.045208894407560776,0.9487487749335105,1.0193853332114362,0.6896858517846437,0.0706365582779257,1560.573984169109,0.31747952413285097,0.15873976206642548,0.01,2760477.5595463426,0.02,4,high_temperature
-0.06639363640292555,0.7787113707294341,0.7943596,-0.932945,1.7273046,0.7815366362865647,-0.013506104970947716,-1.9374097093609408,0.9810428393284575,0.34953609300822036,0.08104283932845746,0.7385909778853481,0.045472512008381365,0.9477913004654255,1.014184936868351,0.6931184658769668,0.06639363640292562,1568.1472967286993,0.318050129812564,0.159025064906282,0.01,2783219.0487387977,0.02,4,high_temperature
-0.0693742469435216,0.7762529144402379,0.7894043,-0.9334269000000001,1.7228312,0.7793467606373585,-0.01279358188659007,-1.9372195737739908,0.982919527076412,0.3484681296819608,0.08291952707641193,0.7362924096510035,0.04532674750056254,0.9481856359136211,1.0175598828571428,0.690965662150441,0.06937424694352168,1564.5080904148415,0.31881795828778997,0.15940897914389499,0.01,2773270.206822693,0.02,4,high_temperature
-0.06838962224069146,0.7771191707006322,0.7909061999999999,-0.9332663999999999,1.7241725999999997,0.7801226479859835,-0.013267933998295938,-1.9375879556256883,0.982379478224734,0.34884737065841476,0.08237947822473402,0.7371061708826313,0.0453748211994229,0.9481298121675532,1.0165194344082447,0.6917313496832084,0.06838962224069145,1564.9740146531549,0.31814244448760187,0.15907122224380094,0.01,2774446.3059618957,0.02,4,high_temperature
-0.06530072091090426,0.7802967058526447,0.7967996,-0.9329765000000001,1.7297761,0.7830243503978485,-0.01309715738902012,-1.9383830600302328,0.9800418013297872,0.35020021365216153,0.08004180132978722,0.7400487130167731,0.04559246077077937,0.9473368309840425,1.0126375518949469,0.6944562522459937,0.06530072091090433,1570.8328761789778,0.31902691238080094,0.15951345619040047,0.01,2793098.126127213,0.02,4,high_temperature
-0.06473353281250001,0.7802857659941149,0.7974342999999999,-0.9327112,1.7301455,0.7829663510543795,-0.01346057055693045,-1.9377010255202929,0.9798325236702128,0.3502082309207563,0.07983252367021276,0.7400505616142742,0.04558042116402186,0.9474111482712766,1.0121446810837764,0.6944701404502523,0.06473353281249983,1571.095651722588,0.31835317916288863,0.15917658958144432,0.01,2792353.5595758427,0.02,4,high_temperature
-0.07161632242524918,0.7738655917964853,0.785069,-0.9335607,1.7186297000000001,0.7771723436949114,-0.012904029273108072,-1.9366099677083808,0.9846249016943522,0.34744544831330887,0.08462490169435222,0.7340752092703366,0.0451714821806974,0.9487697727574752,1.0203860951827242,0.6889037270896392,0.07161632242524896,1560.1025257994459,0.31814726693209017,0.15907363346604508,0.01,2759370.1558092833,0.02,4,high_temperature
-0.07159118587101061,0.7733454869842844,0.7844237,-0.9333368,1.7177604999999998,0.7766521358583761,-0.013710408195627426,-1.9361900759699608,0.9849860563829788,0.3472501394512327,0.08498605638297874,0.7336210550283123,0.04511065513714802,0.9491353247672871,1.020726510638298,0.6885103998911642,0.07159118587101077,1558.1867762738214,0.31673431933589946,0.15836715966794973,0.01,2752031.3182708514,0.02,4,high_temperature
-0.06507074670877662,0.7785327413618496,0.7957235,-0.9323260999999999,1.7280495999999999,0.7812473561232922,-0.014524897945791823,-1.9354788073508102,0.9806197700132979,0.3495044057537295,0.0806197700132979,0.7384703548601876,0.0454158915481113,0.9480296808178192,1.0131004275265958,0.6930544633120763,0.06507074670877655,1568.5896901760502,0.31628652643934924,0.15814326321967462,0.01,2780387.0261256406,0.02,4,high_temperature
-0.06694793686835109,0.7790563976396232,0.7939983999999999,-0.9332487999999999,1.7272471999999999,0.7819276801304297,-0.012826664864788537,-1.9386933405206632,0.9811150518949469,0.3496586926087645,0.08111505189494683,0.7388861707996373,0.04552313391335326,0.9475863763297873,1.0145343131981384,0.693363036886284,0.0669479368683511,1568.288741281523,0.31930127656870466,0.15965063828435233,0.01,2786319.3423808133,0.02,4,high_temperature
-0.06690731459441492,0.7791624136642809,0.7941201000000001,-0.9332855999999999,1.7274057,0.78202983038589,-0.01280753933245096,-1.9387583224595022,0.9810718638962767,0.3497073021896269,0.08107186389627663,0.7389878595472469,0.045526433438264534,0.9475635149601064,1.0144708295545213,0.6934614261089823,0.0669073145944149,1568.466677359001,0.31937963136860054,0.15968981568430027,0.01,2787017.496221959,0.02,4,high_temperature
-0.0668122293023256,0.7781788439651307,0.793851,-0.9329827999999999,1.7268337999999999,0.7810417320343732,-0.012950838159228165,-1.9366564629791774,0.981208969667774,0.34930574247106105,0.08120896966777402,0.7380998794385494,0.04542948625816074,0.9477322028903655,1.014544432192691,0.6926703931803886,0.06681222930232555,1568.4741698566788,0.31894117683554263,0.15947058841777131,0.01,2783670.7583494335,0.02,4,high_temperature
-0.06560988720079784,0.7804733831604139,0.7965742,-0.9331751999999999,1.7297493999999998,0.7832262502753363,-0.012781120094503237,-1.9390168892548247,0.9801043252659575,0.3502688084928386,0.08010432526595745,0.7402051583715223,0.04561218988996436,0.9472447846409574,1.0128546718417553,0.6945929684815579,0.06560988720079786,1570.9105008717816,0.319677928595256,0.159838964297628,0.01,2794711.843547987,0.02,4,high_temperature
-0.07067939880319146,0.7745648560999375,0.7863825000000001,-0.9333538,1.7197363,0.7777829348348404,-0.01346080000583641,-1.936828926748588,0.9841780082446807,0.3477582679308511,0.08417800824468069,0.7347387450674675,0.045204597749458154,0.9487832723404256,1.019462671143617,0.6895341473180093,0.0706793988031914,1560.3064263695553,0.31734704897713584,0.15867352448856792,0.01,2759396.5922142984,0.02,4,high_temperature
-0.06529105422207447,0.7815029077035112,0.7977129999999999,-0.9333954,1.7311083999999999,0.7842255520642467,-0.012296173911767225,-1.9400678679179266,0.979601866456117,0.35069571397613303,0.079601866456117,0.7411478481989712,0.045693308004663945,0.9469018040890956,1.0121928583111703,0.6954545401943072,0.06529105422207471,1572.473157283186,0.32077935188015344,0.16038967594007672,0.01,2801609.281657656,0.02,4,high_temperature
-0.07194954697473405,0.7743911920873907,0.7848208999999999,-0.933824,1.7186449,0.7777264658557014,-0.012693799896737861,-1.9381851440159161,0.9847216750664893,0.3476636001848488,0.08472167506648931,0.7345572929911091,0.0452157681331535,0.9486918354055849,1.020641382380319,0.6893415248579555,0.07194954697473421,1559.4106267156878,0.31868114769615424,0.15934057384807712,0.01,2759818.7832098496,0.02,4,high_temperature
-0.07205429212101062,0.7739010084485768,0.7843239000000001,-0.9337228999999999,1.7180468,0.7772480890235652,-0.012999278263474188,-1.9375728860942485,0.9849542293550533,0.3474650534684701,0.08495422935505326,0.7341140688720597,0.04517071833134492,0.9488719876329788,1.0209262797539893,0.6889433505407148,0.07205429212101055,1558.705509252234,0.318074436618475,0.1590372183092375,0.01,2756521.758704279,0.02,4,high_temperature
-0.06869225229388302,0.7771671888181879,0.7906023,-0.9333529,1.7239552,0.7801970679903709,-0.012953126372080386,-1.938154924453087,0.9824721454454788,0.3488563112725211,0.08247214544547876,0.7371390765726732,0.04539283387337341,0.9480711713763298,1.0167634236702128,0.6917462426992997,0.06869225229388298,1564.8326813630902,0.3187137959682312,0.1593568979841156,0.01,2775159.311842234,0.02,4,high_temperature
-0.0691684901062417,0.776468622927025,0.7900520999999999,-0.9334914,1.7235435,0.7795433294011103,-0.012445110629210318,-1.9368519812945597,0.9826089751992031,0.3485505744980091,0.08260897519920307,0.7364814121999462,0.045348288226046064,0.9479864641434262,1.017154954249668,0.6911331239739001,0.06916849010624182,1566.2129036930878,0.3169080899112901,0.15845404495564505,0.01,2778217.5248476635,0.02,4,high_temperature
-0.06659554697473401,0.7801066623428308,0.7951955,-0.9334496999999999,1.7286451999999999,0.7829440411092835,-0.01233393490935862,-1.9397472516254983,0.9806051297539894,0.35010027337787775,0.08060512975398937,0.7398538057177599,0.04560115567491662,0.9472527285239363,1.0138482754986704,0.6942526500428433,0.06659554697473413,1569.8935053438033,0.32038885568473113,0.16019442784236557,0.01,2793301.8021181016,0.02,4,high_temperature
-0.06799817696143616,0.7780940448068088,0.7920735,-0.9334366000000001,1.7255101000000002,0.7810595973636704,-0.012874993862834201,-1.9384941386203578,0.9818889129654255,0.3492559030449804,0.08188891296542544,0.7380023071115059,0.045448279489250336,0.9478350352393617,1.0158332122007978,0.6925540276222556,0.06799817696143606,1566.4935925896161,0.3191121687227123,0.15955608436135615,0.01,2780822.2973638796,0.02,4,high_temperature
-0.07210310947473404,0.7732129947159231,0.7837481000000001,-0.9335093,1.7172574,0.7765675718142572,-0.013443400854828088,-1.93664729459665,0.9852107926196807,0.34717911298054266,0.08521079261968068,0.7334833093640082,0.04511635870156534,0.949104091057181,1.0212072005319148,0.6883669506624428,0.07210310947473386,1557.744437905611,0.3171376619792694,0.1585688309896347,0.01,2751769.892373496,0.02,4,high_temperature
-0.07391978000000002,0.7712284279360989,0.7805634999999999,-0.9336253,1.7141887999999998,0.7747628165651956,-0.012898434734651095,-1.9355897137631188,0.9864168800664451,0.34632287611510315,0.0864168800664451,0.7316402356235739,0.044982658969183936,0.9493855405315615,1.0233053205315616,0.68665757665439,0.0739197800000001,1555.3525917511988,0.3176121586119837,0.15880607930599186,0.01,2743948.990237668,0.02,4,high_temperature
-0.06535821107047872,0.7798279145780218,0.7963789,-0.9328434,1.7292223,0.7825619925024724,-0.013381944032990294,-1.9377903677111579,0.9802354602061172,0.35000813766910516,0.08023546020611716,0.7396215282541851,0.0455533385904539,0.9475017224401596,1.0128599335106383,0.6940681896637313,0.06535821107047868,1570.1665882764185,0.31842595838064247,0.15921297919032124,0.01,2789857.337625816,0.02,4,high_temperature
-0.06964981758643617,0.7762997294639258,0.7888514999999999,-0.9335455,1.722397,0.7794179668544908,-0.013013725096237199,-1.9379550512668322,0.9831706704122342,0.34849212136803714,0.08317067041223414,0.7363412509071132,0.04532544328520702,0.9482908351728724,1.0179406527593085,0.6910158076219062,0.06964981758643607,1563.221317335278,0.31853311540041623,0.15926655770020812,0.01,2770261.4758726344,0.02,4,high_temperature
-0.07458533078457447,0.7716544008023284,0.7797689999999999,-0.9340259000000001,1.7137949,0.7752505955146665,-0.012810015051683579,-1.9375268838439539,0.986712120711436,0.34649333550182004,0.08671212071143597,0.7320179489852027,0.045034787382927884,0.949364198005319,1.0239495287898934,0.6869831616022748,0.07458533078457441,1554.3465825451174,0.3179495302385431,0.15897476511927155,0.01,2744171.3525456265,0.02,4,high_temperature
-0.07228176555851065,0.7714992169865715,0.7822332999999999,-0.9330575,1.7152908,0.774877858402954,-0.014605355846511512,-1.9342850537257603,0.9859243231050533,0.3464923492655141,0.08592432310505327,0.7319397785105756,0.044954520471438685,0.9497282083776596,1.02200997393617,0.6869852580391369,0.07228176555851051,1555.351790371609,0.31495920699273405,0.15747960349636703,0.01,2740026.849322408,0.02,4,high_temperature
-0.06407690345744681,0.7810102957338516,0.7987116999999999,-0.9327449999999999,1.7314566999999998,0.7836344374764124,-0.013498848588027886,-1.9377870129911474,0.979333502593085,0.3505241479893135,0.07933350259308503,0.7407291686923769,0.04561899852330145,0.9472404949468084,1.0113173984042554,0.6951101701690755,0.06407690345744699,1572.4670307096653,0.3185005355741858,0.1592502677870929,0.01,2796705.8774853214,0.02,4,high_temperature
-0.06878871146941488,0.7764704449069058,0.7899585,-0.9332051000000001,1.7231636000000001,0.7795115384903231,-0.013436735916994763,-1.9371844506940255,0.982776818650266,0.3485770868156564,0.08277681865026598,0.7365109166481011,0.045326061503462356,0.9483275723404255,1.0171162838098404,0.6911848551446387,0.0687887114694149,1563.8738649389848,0.31775382905723504,0.15887691452861752,0.01,2770382.092638658,0.02,4,high_temperature
-0.06553635974069154,0.7801512250849109,0.7964212,-0.93304,1.7294612,0.7828990665785396,-0.013057107058012019,-1.9384422423751333,0.9801916482047872,0.350139328162584,0.08019164820478719,0.7399150874395547,0.04558124819043995,0.9473688352726065,1.0129051950132977,0.6943338392491147,0.06553635974069116,1570.5239226602398,0.3190908908858811,0.15954544544294055,0.01,2792350.0567374337,0.02,4,high_temperature
-0.07255124335106387,0.772883642010127,0.7829936,-0.9335985,1.7165921,0.7762813967876748,-0.013383733133310862,-1.936703930087802,0.9855159699468087,0.3470427563742993,0.08551596994680866,0.7331822584625798,0.04509050602975553,0.9491851873005318,1.021736430651596,0.6880917524328243,0.07255124335106411,1557.0785189450814,0.3171856665835532,0.1585928332917766,0.01,2750052.741345497,0.02,4,high_temperature
-0.06485426890365445,0.7808865157058983,0.7980116999999999,-0.9330369,1.7310485999999998,0.7835750293407299,-0.01260908695723393,-1.938296439139657,0.9794970122591362,0.35043861192154,0.07949701225913619,0.7405806054899001,0.04564441559527085,0.9470233922259135,1.011877661129568,0.6949361898946292,0.06485426890365442,1573.0953688930258,0.3200002992495264,0.1600001496247632,0.01,2800458.404674522,0.02,4,high_temperature
-0.07339099707446807,0.7716640242911382,0.7811099000000001,-0.9335555,1.7146654000000001,0.7751461828821574,-0.013686278893566613,-1.9359798673443724,0.9862762587765957,0.3465266794286134,0.08627625877659573,0.7320563958826856,0.04500309870095126,0.9495255153922872,1.0229165124667552,0.6870532971817342,0.07339099707446795,1554.9919243374752,0.3164882230703405,0.15824411153517026,0.01,2742639.451567712,0.02,4,high_temperature
-0.06917514943484045,0.7761695488097228,0.7892900999999999,-0.9332934,1.7225834999999998,0.7792460264889525,-0.013418915586543168,-1.9371859665765963,0.9830349585106383,0.3484476994537454,0.08303495851063825,0.7362310882170873,0.045305615051114634,0.9483924482047872,1.0175675976396277,0.6909254731659726,0.06917514943484049,1563.2858099252405,0.3177588201755257,0.15887941008776285,0.01,2768750.933126959,0.02,4,high_temperature
-0.07030493876329787,0.7752295777493474,0.7873219,-0.9334002000000001,1.7207221000000001,0.7784109985296601,-0.013218188711199879,-1.937345539451343,0.9837769296210106,0.34803178316516686,0.08377692962101058,0.7353452074242053,0.04525948052546043,0.948569481449468,1.0188744202127658,0.6900857268987448,0.0703049387632978,1561.3940495556842,0.3178364758541011,0.15891823792705054,0.01,2763579.4937193496,0.02,4,high_temperature
-0.06828761848404256,0.7779268983986163,0.7916249000000001,-0.9334722999999999,1.7250972,0.780918342780033,-0.012750388020215374,-1.9386753057164896,0.9820527963430852,0.34917935175750037,0.08205279634308515,0.7378418681645535,0.045444172990629195,0.9478541965093085,1.016141814993351,0.6923976951739244,0.06828761848404252,1566.0944786665602,0.31926782519430946,0.15963391259715473,0.01,2780002.5889889994,0.02,4,high_temperature
-0.0651185692026578,0.7797706538978998,0.7969741000000001,-0.9327661,1.7297402000000002,0.7824849524018718,-0.012947169056971686,-1.9368921891876512,0.9799674423255814,0.34998129938363787,0.0799674423255814,0.7395715410766509,0.04554082622775047,0.9473376873421928,1.0124562565448505,0.6940307148489004,0.06511856920265768,1571.48245528691,0.3192145355921703,0.15960726779608514,0.01,2792880.656441744,0.02,4,high_temperature
-0.06447771735372346,0.7803757908913421,0.7977835,-0.9326789,1.7304624,0.7830349615722368,-0.013636582042847232,-1.9374183590321856,0.9797167941489362,0.35025721278985383,0.07971679414893618,0.7401449964401449,0.04557347586792204,0.947423330950798,1.0119010483045212,0.6945715205722228,0.06447771735372321,1571.3841832682367,0.31813444043463085,0.15906722021731542,0.01,2792690.1020149435,0.02,4,high_temperature
-0.06443005864586794,0.7814558560299868,0.7993253000000001,-0.9331451000000001,1.7324704000000002,0.7841074463239521,-0.011956237129086006,-1.937955089065675,0.9788786555260538,0.35067494606894467,0.07887865552605378,0.741100354767092,0.04568694730769934,0.9466307968469965,1.0110608554928642,0.6954134074593927,0.0644300586458677,1575.9368408007476,0.32173453724227496,0.16086726862113748,0.01,2809583.095792008,0.02,4,high_temperature
-0.06807448683510638,0.7783481500713426,0.7921984,-0.9334813,1.7256797,0.7813193831445272,-0.01253959580150047,-1.9390847392183883,0.9818009540890958,0.3493508327708934,0.08180095408909582,0.7382241298598387,0.04548263330818041,0.9477089470412234,1.0157834338763299,0.6927414965516583,0.06807448683510642,1566.7480013206814,0.31966680248747864,0.15983340124373932,0.01,2782705.504974869,0.02,4,high_temperature
-0.0642566374667553,0.7815656320846068,0.798928,-0.9329886999999999,1.7319166999999998,0.784202622231235,-0.012969929510008516,-1.9388432305627785,0.9791919013297873,0.35074202847811686,0.07919190132978726,0.7412253093317636,0.04567605959022364,0.9470090562167555,1.0112656936835107,0.6955492497415399,0.06425663746675525,1573.1080474773637,0.3195481614676489,0.15977408073382446,0.01,2800840.331532316,0.02,4,high_temperature
-0.0706953818604651,0.7747100112145582,0.7867521000000001,-0.9334487,1.7202008000000002,0.7779289418015362,-0.012930552374357179,-1.9366814455096626,0.9839660135215947,0.347808011877864,0.08396601352159472,0.7348601328733473,0.04522582880548201,0.9485712431561462,1.0192666250166114,0.6896343040678653,0.0706953818604652,1561.7211059475574,0.3182412840076337,0.15912064200381684,0.01,2764106.441198391,0.02,4,high_temperature
-0.06388314471409572,0.7818175736707623,0.7995405999999999,-0.9329238,1.7324644,0.7844232114611346,-0.013063342167446665,-1.9387112379874667,0.9789738270611701,0.3508593458052227,0.07897382706117007,0.7414688280895355,0.04568312545758072,0.9469777606382977,1.0108609053523936,0.6957857026319548,0.06388314471409584,1573.6529862871298,0.31942448106443017,0.15971224053221508,0.01,2802189.2291084058,0.02,4,high_temperature
-0.06804178272425246,0.7777054497982456,0.7919991,-0.933378,1.7253771,0.7806762778784724,-0.012730108421147263,-1.9376007821628645,0.9818820592691029,0.3490850211114109,0.08188205926910286,0.7376360262042287,0.045425107120436695,0.9478145295348837,1.0158563122591362,0.6922109190837921,0.06804178272425254,1567.1816381808917,0.3192505473501083,0.15962527367505416,0.01,2781836.4208945776,0.02,4,high_temperature
-0.07407481243351065,0.7708860237770813,0.7797406000000001,-0.9336265000000001,1.7133671000000001,0.7744367885708286,-0.013827704653986606,-1.935622975094567,0.986829125930851,0.34620116654150945,0.08682912593085101,0.7313419794945509,0.044942572018966565,0.9497364141289893,1.0238112265625,0.6863994074755844,0.07407481243351055,1553.6165621895334,0.31615351474596753,0.15807675737298377,0.01,2738122.540536387,0.02,4,high_temperature
-0.10313717430186173,0.8909698878814615,0.86815,-1.0820329,1.9501829,0.89691951580645,-0.014324797635297858,-1.9486615122644255,1.0643267632646278,0.3968940726073254,0.1643267632646278,0.8420975111282406,0.053659904747846696,1.0127008107380318,1.1158379850398936,0.788437606380394,0.10313717430186187,1784.4608334205034,0.38642901317516815,0.19321450658758407,0.01,3687547.1311496114,0.02,5,VDD_overvoltage
-0.12969593287898934,0.9206333203128595,0.8717820000000001,-1.1391296999999998,2.0109117,0.9297240157571662,-0.014587290665424437,-1.9508886626948043,1.1052303245345747,0.4100577543417909,0.20523032453457468,0.8700973617756966,0.055264120013662106,1.0403248360704787,1.170020768949468,0.8148332417620345,0.12969593287898928,1842.0306728888302,0.40996926696067937,0.20498463348033968,0.01,3986612.285347189,0.02,5,VDD_overvoltage
-0.1236817669215425,0.9140002138286815,0.871062,-1.1262916,1.9973536,0.9223305103636713,-0.014526808634007548,-1.9504002539027574,1.096018837832447,0.40708460506641564,0.1960188378324469,0.863806565100119,0.05493322786758259,1.0341203348071808,1.1578021017287234,0.8088733372325364,0.12368176692154265,1829.1659522235236,0.40465649829239103,0.20232824914619552,0.01,3917769.9491144815,0.02,5,VDD_overvoltage
-0.07748412772606383,0.8625501004700498,0.8642772000000001,-1.0256143,1.8898915,0.8660233633513371,-0.012658068743381318,-1.9489227192963436,1.0234471019281914,0.3845651055377427,0.12344710192819142,0.815554464163681,0.0518822290268357,0.9846490519946809,1.0621331797207447,0.7636722351368453,0.07748412772606383,1727.9185797827624,0.3660668379920024,0.1830334189960012,0.01,3420169.4166581887,0.02,5,VDD_overvoltage
-0.07860152747508303,0.8634439742908636,0.8644266999999999,-1.0276714,1.8920981,0.8670142425938676,-0.012100322039457677,-1.9486244042699277,1.0247522199335548,0.38494356222782805,0.12475221993355479,0.8163778323058823,0.05194748620550925,0.9854028619933556,1.0640043894684383,0.7644303461003731,0.07860152747508276,1731.024164422161,0.367931059369228,0.183965529684614,0.01,3433288.2628586288,0.02,5,VDD_overvoltage
-0.11167006170212765,0.9004217533857931,0.8693430000000002,-1.1006002,1.9699432000000001,0.907319974788885,-0.014691669129755539,-1.9489092166200275,1.0777524473736702,0.4010654256800074,0.17775244737367013,0.8509962037470057,0.054189467718568834,1.0218598618351065,1.133529923537234,0.7968067360284369,0.11167006170212757,1803.077251900716,0.3935134918556289,0.19675674592781445,0.01,3780732.443557521,0.02,5,VDD_overvoltage
-0.12242468580452127,0.9125940984636219,0.8708359999999999,-1.1234472,1.9942832,0.9207691308058534,-0.014388911750911131,-1.9505130841949212,1.093898812799202,0.4064599504205127,0.19389881279920196,0.8624780179539772,0.05485797588514138,1.0326288401263297,1.155053525930851,0.8076200420688358,0.12242468580452126,1826.311811665929,0.40376127859019295,0.20188063929509648,0.01,3903351.162489666,0.02,5,VDD_overvoltage
-0.12232413912898936,0.9125045717465472,0.870887,-1.1233541999999999,1.9942411999999998,0.9206670345309415,-0.01447651083943585,-1.9503506145624872,1.0938913986037233,0.4064160458995716,0.1938913986037233,0.8623898021658162,0.054857177823986136,1.0326717059507977,1.1549958450797873,0.80753262434183,0.12232413912898954,1826.2295070325524,0.4035192689232934,0.2017596344616467,0.01,3902389.2968783877,0.02,5,VDD_overvoltage
-0.11459217709163344,0.9030099863064287,0.8698299999999999,-1.1057408999999998,1.9755708999999997,0.9102518346148701,-0.012854040606946065,-1.949004321329316,1.0809163108897741,0.4021983818353658,0.1809163108897741,0.8534171294851777,0.05435451896126476,1.0235766824701196,1.138168859561753,0.7990626105239129,0.11459217709163338,1810.705963150202,0.3952579176994636,0.1976289588497318,0.01,3817965.4620147017,0.02,5,VDD_overvoltage
-0.12986157948803193,0.9206095997200525,0.8717590000000002,-1.1398538,2.0116128,0.929723649760423,-0.015135234622747547,-1.9500037584341177,1.1060490310837767,0.4100668561244824,0.2060490310837767,0.8700938126973461,0.055241575908927025,1.0410607479720746,1.1709223274601064,0.8148522367884191,0.1298615794880318,1842.4887894249857,0.4092367376666829,0.20461836883334145,0.01,3986803.716604717,0.02,5,VDD_overvoltage
-0.07634185797342191,0.8602670466761444,0.8638175,-1.0232771,1.8870946000000002,0.863647770144594,-0.013164930924104968,-1.9464076066291678,1.022228163654485,0.38361748376962407,0.12222816365448497,0.8134629099534847,0.05169036488959146,0.9840082243521595,1.0603500823255814,0.7617725450638932,0.07634185797342186,1725.872340072169,0.36379099599900666,0.18189549799950333,0.01,3405309.087289182,0.02,5,VDD_overvoltage
-0.08709675295877663,0.8732541769130825,0.8658539999999999,-1.0469207,1.9127747,0.8775868628643589,-0.013376818518701386,-1.9486269824499964,1.03890165987367,0.3891605306969527,0.13890165987366998,0.8255031567755243,0.052595516437364175,0.9952966689162235,1.082393421875,0.7729076403381602,0.0870967529587765,1749.3239637965944,0.37355133200803753,0.18677566600401876,0.01,3518541.2855739146,0.02,5,VDD_overvoltage
-0.07686668733377659,0.8616598704184494,0.8641195,-1.0244611,1.8885806,0.865081626155132,-0.013010397235832033,-1.94818868007043,1.0228265425531915,0.38419357944490307,0.12282654255319148,0.8147368419694728,0.05181077386434482,0.9843371955452127,1.0612038828789894,0.762926068105128,0.07686668733377666,1726.5383193985117,0.36483361263583475,0.18241680631791737,0.01,3412362.980312571,0.02,5,VDD_overvoltage
-0.1291863109375,0.9200233441242575,0.8717010000000001,-1.1381035000000002,2.0098045000000004,0.9290490066014936,-0.014686788846970049,-1.9506789047414317,1.1045486358045213,0.4097882468916268,0.20454863580452132,0.8695230483012799,0.05522877171651397,1.039897957679521,1.1690842686170213,0.8142942765847659,0.12918631093750021,1840.942932706815,0.4093166273692075,0.20465831368460374,0.01,3980339.167870189,0.02,5,VDD_overvoltage
-0.0756001222923588,0.8601036214875002,0.8638912,-1.0209502000000001,1.8848414,0.8634197230701489,-0.011829378014996856,-1.9488521338015803,1.0198426611627907,0.3835214302922292,0.11984266116279063,0.8132844385273007,0.05171486998764113,0.9819944431893687,1.0575945654817276,0.7615695685396595,0.0756001222923589,1724.2645065447668,0.36576596552069807,0.18288298276034903,0.01,3403014.389189207,0.02,5,VDD_overvoltage
-0.07907598982712766,0.8639644340737996,0.8643389999999999,-1.0293367999999998,1.8936757999999996,0.8675756771092658,-0.013319247681855677,-1.9478906839391814,1.0264113857047872,0.38518829901296797,0.12641138570478716,0.8168850089311032,0.05195460907281269,0.9868172539228723,1.0658932437500002,0.7649303998582905,0.07907598982712782,1731.2680433876737,0.3662625924544737,0.18313129622723684,0.01,3433471.4817211516,0.02,5,VDD_overvoltage
-0.11039965541888297,0.899145435971019,0.869229,-1.0977432,1.9669722,0.9058976757582071,-0.014424777683485013,-1.949245101825048,1.0755796027260636,0.4004914258564779,0.17557960272606354,0.8497838813077325,0.05413001916845106,1.0203222415226063,1.1307218969414892,0.7956538621392815,0.11039965541888286,1800.3582005069877,0.3928578271978976,0.1964289135989488,0.01,3767788.9318779875,0.02,5,VDD_overvoltage
-0.10599161292358802,0.8941182982840014,0.868689,-1.087321,1.95601,0.9003786721909967,-0.012892211038747338,-1.9498135502692953,1.0675388952491693,0.39825043419338607,0.16753889524916932,0.8450254380905086,0.0538771129010664,1.014492895049834,1.120484507973422,0.7911483251894421,0.10599161292358805,1791.2932134002783,0.3912894303229788,0.1956447151614894,0.01,3723320.5340889916,0.02,5,VDD_overvoltage
-0.10611874507978722,0.894473666811822,0.8685909999999999,-1.0881675,1.9567584999999998,0.9007465396420323,-0.013930025627463198,-1.9496616580946706,1.0684747213763297,0.39842592410140826,0.16847472137632968,0.8453811771763515,0.05387317810455982,1.0153579321143618,1.1214766771941491,0.7915079990717917,0.10611874507978736,1790.860085457909,0.3898117634054185,0.19490588170270925,0.01,3721493.759115232,0.02,5,VDD_overvoltage
-0.09530556346409572,0.8824072126799791,0.867013,-1.0646644,1.9316774,0.8875390917682773,-0.01357328310178144,-1.9491653989225506,1.0515711335106384,0.39313862980603137,0.15157113351063833,0.8340596304018231,0.05316151939610473,1.0038613201795212,1.099166883643617,0.7808981110057184,0.0953055634640958,1767.1953556287767,0.3806295729230276,0.1903147864615138,0.01,3604788.5368425245,0.02,5,VDD_overvoltage
-0.12005251963455148,0.9091914640596017,0.870419,-1.118257,1.988676,0.9170832709135232,-0.01426534360309191,-1.9487872121288197,1.0903827313289036,0.404972505926177,0.1903827313289036,0.8592858833463952,0.054650873442991986,1.0303054521262458,1.1503579717607972,0.8046350099034032,0.12005251963455144,1821.777748461464,0.4015047159336561,0.20075235796682805,0.01,3875250.978673755,0.02,5,VDD_overvoltage
-0.09082865711436174,0.8773480357845878,0.866282,-1.0548936,1.9211756,0.8820370858689971,-0.013453774873045393,-1.9489177069254182,1.0445644383643617,0.39094313912822465,0.14456443836436172,0.8293336553971102,0.05284333947697334,0.9990932966755319,1.0899219537898936,0.7764903159201368,0.09082865711436172,1757.2869943650462,0.3768044447334923,0.18840222236674614,0.01,3556971.6701010345,0.02,5,VDD_overvoltage
-0.07691241177055709,0.8597724709239614,0.8638444,-1.0234373,1.8872817,0.8632057812845427,-0.011557701832772757,-1.9451570742882915,1.0219450110742705,0.3834020863245523,0.12194501107427047,0.8129939426931401,0.051664064594613805,0.9834663191644561,1.0603787309350132,0.7613298780985263,0.07691241177055708,1728.954245380703,0.36807436598010423,0.18403718299005212,0.01,3415824.9282577485,0.02,5,VDD_overvoltage
-0.09299834069148931,0.8797886063130578,0.8666640000000001,-1.0597166,1.9263806,0.884690162243055,-0.013599313020154243,-1.9488756911841156,1.048064406349734,0.3919974796435441,0.14806440634973395,0.8316087709813399,0.05300107598673855,1.0015082956117023,1.0945066363031914,0.7786076949946014,0.09299834069148916,1762.1580908359772,0.3784683361009961,0.18923416805049806,0.01,3579981.389613064,0.02,5,VDD_overvoltage
-0.10396617091090428,0.8922195154155953,0.8683489999999998,-1.0833703,1.9517192999999997,0.8982564379854536,-0.013600394262156444,-1.9500149035534458,1.0648710700132977,0.39741951583944496,0.1648710700132977,0.8432478896441739,0.05375960799076457,1.012830644581117,1.1167968154920211,0.7894882816534092,0.1039661709109041,1786.1961288594584,0.38845445119016037,0.19422722559508018,0.01,3699181.5778054367,0.02,5,VDD_overvoltage
-0.08882338517287235,0.8750562975932611,0.8660500000000002,-1.0507707,1.9168207000000002,0.879552794158028,-0.013650541741520224,-1.948326243456775,1.041775949700798,0.389949538582261,0.14177594970079788,0.8271938135955514,0.05269908268257718,0.9973075200797873,1.0861309052526595,0.7744947309129743,0.08882338517287225,1753.0631245822146,0.374569115500204,0.187284557750102,0.01,3535543.3459171895,0.02,5,VDD_overvoltage
-0.09737893806515953,0.8845643952064849,0.867278,-1.0693953,1.9366733,0.8899083249670792,-0.014003805561582738,-1.9486245225204526,1.0551657657247342,0.3940905752850688,0.15516576572473417,0.8360895211807388,0.05328048144593558,1.0064191513630318,1.1037980894281916,0.7828090397348032,0.09737893806515974,1771.770316853044,0.3817295794224895,0.19086478971124474,0.01,3625647.4674893077,0.02,5,VDD_overvoltage
-0.1096426328789894,0.8983033845212961,0.869049,-1.0959292999999999,1.9649782999999998,0.9049698766185824,-0.014244046277868214,-1.94949502262897,1.0741636266954788,0.400120875980713,0.1741636266954788,0.8489914111224275,0.05408190747166339,1.0192847916555852,1.1289274245345744,0.7949095036507641,0.10964263287898923,1798.5466032242985,0.3924713179045328,0.1962356589522664,0.01,3759434.4092198377,0.02,5,VDD_overvoltage
-0.127022213674079,0.9160448817229906,0.871327,-1.13276,2.004087,0.9248096388433411,-0.013625125696554111,-1.947916790757701,1.1008410733488219,0.40805433991626305,0.20084107334882184,0.8657911503678571,0.05498801246810979,1.0372905948224362,1.164312808496515,0.8108031378997473,0.12702221367407884,1837.7170351745056,0.40861144492564966,0.20430572246282483,0.01,3955392.325747337,0.02,5,VDD_overvoltage
-0.12850188424202127,0.9191164933877146,0.871589,-1.1369170000000002,2.008506,0.9280559588037129,-0.0150846308241245,-1.949954886353108,1.103917899168883,0.409395843569201,0.20391789916888292,0.8686760088451136,0.05516876206548962,1.0396094339095745,1.1681113181515956,0.813507246779624,0.12850188424202114,1839.55709456572,0.4080975595857157,0.20404877979285785,0.01,3971198.0775035573,0.02,5,VDD_overvoltage
-0.11653860654485042,0.9054993633822176,0.87005,-1.1105301,1.9805801,0.9129678767081658,-0.013851988754825057,-1.9491570252241388,1.0846281683056478,0.4033085391397686,0.18462816830564777,0.8557762215930993,0.05447768268133643,1.0263080981063122,1.1428467046511628,0.8012985389117628,0.1165386065448506,1814.2455139793315,0.39906758907532547,0.19953379453766273,0.01,3837367.335031272,0.02,5,VDD_overvoltage
-0.11572417027925537,0.9050542264919668,0.870015,-1.1093989,1.9794139,0.912422729044928,-0.014700543996624795,-1.9492972076327615,1.0840474492353722,0.40310607672346344,0.1840474492353722,0.8553537144794183,0.05445607158028262,1.0261277672207445,1.1418519375,0.8008976428991357,0.11572417027925552,1812.0527041372422,0.3971874461183043,0.19859372305915216,0.01,3826911.867052604,0.02,5,VDD_overvoltage
-0.08950165425531915,0.8759753195928457,0.866163,-1.0519728000000002,1.9181358000000002,0.880535806569061,-0.0132642487435718,-1.949103623904313,1.042403750930851,0.3903409316237725,0.142403750930851,0.8280439622275674,0.052766794735767356,0.9975961881648935,1.087097842420213,0.7752771674918,0.08950165425531942,1754.465499417318,0.37592776606762607,0.18796388303381303,0.01,3543917.9686857895,0.02,5,VDD_overvoltage
-0.09532431825132985,0.8824728466671339,0.867041,-1.0646821,1.9317231,0.8876063602492241,-0.013508217504931396,-1.9492822501187053,1.0515489166888299,0.3931636636429369,0.15154891668882986,0.834117322211298,0.05316980970606505,1.0038297266289893,1.099154044880319,0.780947512505233,0.0953243182513297,1767.2621699610631,0.3807825068938673,0.19039125344693364,0.01,3605344.931985468,0.02,5,VDD_overvoltage
-0.07883517974767594,0.8633652302483567,0.8645423,-1.0276836,1.8922259000000001,0.8669570383632894,-0.011199705263524375,-1.9484309143080354,1.0246032355245684,0.38488722749059445,0.12460323552456842,0.8162886337116496,0.05195735607341983,0.985118659628154,1.06395383937583,0.7643312776382298,0.07883517974767607,1732.294228013279,0.3625548109287182,0.1812774054643591,0.01,3437569.226650311,0.02,5,VDD_overvoltage
-0.07758073390957443,0.8621640485383121,0.8641004000000001,-1.0262347,1.8903351000000002,0.8656475130593984,-0.013527934533236839,-1.9473032893565796,1.0243519930186171,0.3844218056417382,0.1243519930186171,0.8152182921088581,0.05182728206782914,0.9855055669547873,1.0630863008643616,0.7633910100410289,0.07758073390957432,1728.0058898832758,0.36445606894115995,0.18222803447057997,0.01,3417292.72601949,0.02,5,VDD_overvoltage
-0.09383306775265958,0.8802732334676909,0.866697,-1.062144,1.928841,0.8852601934818594,-0.014625667010703327,-1.94710115924358,1.0503724893617021,0.39223606020913077,0.1503724893617021,0.8320889196623987,0.0529997179728985,1.0033989335771276,1.0972320013297872,0.7790892016895002,0.09383306775265954,1764.0786541892157,0.3773954081249568,0.1886977040624784,0.01,3585251.345683875,0.02,5,VDD_overvoltage
-0.1074020675531915,0.8960114825366552,0.8688989999999999,-1.0910360000000001,1.959935,0.9024254988375691,-0.01393268099572198,-1.9497687388728757,1.0705323858045213,0.3990909139894513,0.17053238580452124,0.8468151198231045,0.053974876023966285,1.0167738842420213,1.1241759517952128,0.7928402437991382,0.10740206755319148,1793.854671887288,0.39099651995908924,0.19549825997954462,0.01,3736429.7080254443,0.02,5,VDD_overvoltage
-0.09981164860372338,0.8870101848280347,0.867553,-1.0750086,1.9425616,0.8926082193132985,-0.014646564270595531,-1.9477374239202905,1.0595133491688828,0.395178322585273,0.15951334916888282,0.8384008576713127,0.05340500026361173,1.009550286569149,1.1093619351728723,0.784995857407701,0.09981164860372327,1777.1066099762857,0.38280113475760086,0.19140056737880043,0.01,3649590.0664249808,0.02,5,VDD_overvoltage
-0.12711610063164888,0.9174655136444309,0.8713200000000001,-1.1339599,2.0052799,0.9262297078838676,-0.015196641525852487,-1.9496415509414846,1.101850855086436,0.40866756268199045,0.20185085508643608,0.8671222307081989,0.05507269100233559,1.0382352447805852,1.1653513454122342,0.8120495397058634,0.12711610063164902,1836.4602690987222,0.40664208958030956,0.20332104479015478,0.01,3954275.3828135664,0.02,5,VDD_overvoltage
-0.08629530867686173,0.8723082457395683,0.865642,-1.0450552,1.9106972,0.8765663442574543,-0.013293432523591614,-1.9487067660087782,1.037522175299202,0.38875907498782886,0.13752217529920208,0.8246282808554045,0.052526973915592585,0.9943179479720744,1.0806132566489361,0.7721013069398119,0.08629530867686175,1747.4001275916264,0.3729702923987488,0.1864851461993744,0.01,3509813.9296025936,0.02,5,VDD_overvoltage
-0.11916360023271276,0.9089262859209053,0.8703879999999999,-1.1165176,1.9869056,0.9167043999340208,-0.014459289745682606,-1.9500866251052897,1.0889734547207446,0.4048267652845896,0.18897345472074456,0.8590109948119656,0.05466307782182392,1.0293340151263297,1.1484976153590425,0.8043479169901417,0.11916360023271277,1819.2812962411056,0.4007198248066097,0.20035991240330486,0.01,3865997.69710806,0.02,5,VDD_overvoltage
-0.12922809976728725,0.920210844530805,0.871804,-1.1381364999999999,2.0099405,0.9292404964063723,-0.014491607046034178,-1.9509957103112334,1.1044688603390957,0.409857210824608,0.20446886033909573,0.8696849476685086,0.055256033797089286,1.0397972925199468,1.169025392287234,0.8144289138714192,0.12922809976728722,1841.1323640506207,0.409762458844392,0.204881229422196,0.01,3981997.86959339,0.02,5,VDD_overvoltage
-0.09263856049833884,0.8788497369426097,0.8665480000000001,-1.0586728,1.9252208000000002,0.8837187126089945,-0.013216890687406316,-1.9479635996443467,1.0473269247508306,0.3916000832294748,0.14732692475083053,0.8307389440223107,0.0529328233431699,1.0009577414950166,1.0935963019933554,0.7778061206791409,0.09263856049833885,1761.9815587277647,0.3785527093431631,0.18927635467158155,0.01,3576658.7736288398,0.02,5,VDD_overvoltage
-0.0985483180851064,0.8861187753063285,0.8675139999999999,-1.0716113999999999,1.9391253999999998,0.8915818834789044,-0.01349616503720172,-1.9496500343414664,1.056452188530585,0.3947520594743837,0.15645218853058507,0.8375290198575583,0.053393672113464304,1.0071208674202128,1.1056691855053191,0.784135347744094,0.09854831808510633,1774.2930851556127,0.38374303842096785,0.19187151921048393,0.01,3640172.0605679015,0.02,5,VDD_overvoltage
-0.08729969335548171,0.8730332104383818,0.865828,-1.0469745,1.9128025,0.8773871568403021,-0.01282605064315508,-1.9481153841889163,1.038828758438538,0.38906831275851594,0.13882875843853804,0.8252983222727344,0.052578408410433326,0.9951293162790698,1.0824290096345515,0.772719913862301,0.08729969335548171,1750.347362436486,0.3744398370511353,0.18721991852556766,0.01,3521794.400783764,0.02,5,VDD_overvoltage
-0.12518535319148935,0.9157169926212365,0.8712389999999999,-1.1293574,2.0005964,0.9242342685861414,-0.014352954292103304,-1.9508382966904978,1.0981080092087765,0.4078485909539669,0.19810800920877647,0.8654283587187723,0.055025913115215035,1.0354577305851065,1.1606430837765958,0.8104024456035573,0.12518535319148927,1832.316391710912,0.406345830864355,0.2031729154321775,0.01,3935366.6520952857,0.02,5,VDD_overvoltage
-0.12994608922872344,0.9206665047336564,0.871696,-1.1399356,2.0116316000000003,0.9297918041391454,-0.01508646877839523,-1.9501077211767905,1.1060680552859044,0.4100972857721507,0.20606805528590433,0.8701528261347179,0.055238683480296494,1.0410375068484041,1.1709835960771275,0.8149141426544214,0.12994608922872342,1842.5394993422508,0.4093844622656219,0.20469223113281096,0.01,3987476.3967557526,0.02,5,VDD_overvoltage
-0.08023988667774087,0.8645384582245677,0.8644261999999999,-1.0319578999999999,1.8963840999999997,0.8682541017256235,-0.013543399563079333,-1.9461084645613194,1.0285776101993356,0.38544873111276046,0.12857761019933556,0.8174306044756489,0.05197566884507976,0.9884081895348839,1.0686480762126245,0.7654549356305691,0.08023988667774062,1734.5204622228428,0.3666669752570408,0.1833334876285204,0.01,3444213.495497869,0.02,5,VDD_overvoltage
-0.1289023113031915,0.9199323411437441,0.8717720000000002,-1.1372703,2.0090423,0.9289194357647572,-0.014251234208543266,-1.9513637507692254,1.1037180175199468,0.4097262182278507,0.20371801751994678,0.8694142343241366,0.05524988273237253,1.0392093223404255,1.1681116336436168,0.814164351591764,0.1289023113031913,1840.3706368852606,0.40986313239927274,0.20493156619963637,0.01,3978918.460742481,0.02,5,VDD_overvoltage
-0.11386515394562333,0.9012580233906395,0.8696069999999998,-1.1029795999999998,1.9725865999999996,0.9084224226696868,-0.01124271766511163,-1.9483979000332798,1.0785411394562334,0.40143885758271874,0.1785411394562334,0.8517750787183475,0.054250026199225566,1.021584115616711,1.1354492695623344,0.7975250525191219,0.11386515394562347,1810.0909453259799,0.3902210264347308,0.1951105132173654,0.01,3812225.366722382,0.02,5,VDD_overvoltage
-0.11264570770764123,0.9013046574155915,0.869526,-1.1018896,1.9714156,0.9083166523542284,-0.01342573229112656,-1.949524035728943,1.0782095920598007,0.40143890959114814,0.1782095920598007,0.8518075602770621,0.05426177971407344,1.0218362384717607,1.134481946179402,0.7975457805629886,0.11264570770764126,1805.7147910976273,0.3963068709171535,0.19815343545857675,0.01,3794950.688884562,0.02,5,VDD_overvoltage
-0.12471453011968085,0.915109503687569,0.871113,-1.1283679,1.9994809,0.9235686860013615,-0.014451520450112847,-1.9506361253733437,1.097442300432181,0.4075841775196059,0.19744230043218092,0.864860631825445,0.05498579797816056,1.0350274203457448,1.1597419504654254,0.8098748338472844,0.12471453011968059,1831.2270080352826,0.4057158009219225,0.20285790046096125,0.01,3929270.409735586,0.02,5,VDD_overvoltage
-0.12670076312645204,0.9155788769930779,0.871121,-1.1319171,2.0030381,0.9243039345219358,-0.013607634528958478,-1.9479604104730541,1.1001945832724858,0.40785889752794346,0.20019458327248574,0.865362762507541,0.054949018820866266,1.0368051240292067,1.163505887155659,0.8104137436866747,0.1267007631264523,1836.7583411449189,0.4084536804992045,0.20422684024960225,0.01,3950777.6014227862,0.02,5,VDD_overvoltage
-0.10405498949468087,0.8918850719841643,0.8681909999999999,-1.0840033,1.9521943,0.8979345312810595,-0.014444118722666667,-1.9485534297302145,1.0657925764960108,0.39730795192590407,0.16579257649601076,0.8429694640730306,0.05369949239536722,1.0137077013297873,1.1177626908244682,0.7892699716776634,0.10405498949468095,1786.3346394266785,0.38701634386665934,0.19350817193332967,0.01,3696649.342533829,0.02,5,VDD_overvoltage
-0.11654825814494679,0.906208197014642,0.8701439999999998,-1.1107212999999998,1.9808652999999996,0.9136721473335766,-0.014068812560840107,-1.9504677989169072,1.0846423230385638,0.40360418688315164,0.18464232303856376,0.8564282294655446,0.05453614267739174,1.0263106012300534,1.142858859375,0.8018920867881529,0.11654825814494663,1813.6801290084393,0.3990571567953279,0.19952857839766394,0.01,3838099.6592057277,0.02,5,VDD_overvoltage
-0.12267542263962765,0.9126707964146717,0.8707959999999999,-1.1242448,1.9950408,0.9208785163896499,-0.014835740833388468,-1.949797837244477,1.0947117731050533,0.4065120059132727,0.19471177310505328,0.8625691554492417,0.05484095667649538,1.033316428424202,1.1559918510638296,0.8077281987727464,0.12267542263962761,1826.8686761125543,0.4032143720491059,0.20160718602455294,0.01,3904540.55471639,0.02,5,VDD_overvoltage
-0.08928045766932274,0.8748452650041285,0.8661190000000001,-1.0509294,1.9170484,0.8793891276458833,-0.012315276953086138,-1.9477158841572908,1.0415421671646747,0.38985112306444997,0.14154216716467471,0.8269851217595939,0.05269628735579726,0.9968595991035857,1.0861400567729085,0.7742888344037967,0.0892804576693228,1755.4271520440345,0.37354327298907014,0.18677163649453507,0.01,3544016.0754336063,0.02,5,VDD_overvoltage
-0.09222481751994682,0.8790179135608522,0.866557,-1.0578775,1.9244345,0.8838426948996418,-0.013339575056431699,-1.9492642623681369,1.0466185467087767,0.3916600136122596,0.14661854670877672,0.8308850285261843,0.05295798621884522,1.000449267918883,1.0926740854388297,0.7779270423073391,0.09222481751994671,1760.4155903315302,0.3782700357622919,0.18913501788114595,0.01,3572552.710548612,0.02,5,VDD_overvoltage
-0.1275637666888298,0.9176820461723431,0.871356,-1.1354921,2.0068481,0.9265057217518415,-0.01599919956149589,-1.9483411795185044,1.103423144281915,0.40879349477000504,0.20342314428191488,0.8673567260416077,0.05505234158286221,1.039583690425532,1.1671474571143616,0.8123043844587455,0.12756376668882963,1837.6264489640778,0.40578264224685245,0.20289132112342623,0.01,3957104.6775018508,0.02,5,VDD_overvoltage
-0.0750729970822281,0.8578447649322553,0.8636257,-1.0195273,1.883153,0.8611234496938197,-0.011551232513956415,-1.9451963118844868,1.0191325765915118,0.3825726275363628,0.11913257659151177,0.8112002315815479,0.05153859693914172,0.9815753293766577,1.0566483264588857,0.7596616346424061,0.07507299708222803,1725.0800953129988,0.3671606509349778,0.1835803254674889,0.01,3398222.8129906463,0.02,5,VDD_overvoltage
-0.10960109737367021,0.8983566298784991,0.869146,-1.0958868,1.9650328,0.9050176987176369,-0.014182028896713087,-1.9495812704575033,1.0741127237034573,0.4001339443538667,0.17411272370345732,0.8490308774435193,0.05409703106769898,1.0192546502992021,1.1288557476728724,0.7949338463758203,0.1096010973736703,1798.6076204319324,0.3925579833961004,0.1962789916980502,0.01,3759784.8000151734,0.02,5,VDD_overvoltage
-0.11292372952127662,0.9015894401388113,0.8693710000000001,-1.1034501,1.9728211000000002,0.9086337475896489,-0.015083112167300721,-1.948392716623146,1.079989408743351,0.40160477811234707,0.179989408743351,0.8521192513773466,0.054228689940378536,1.0234699543218087,1.136393683843085,0.797890561436968,0.11292372952127638,1805.67523854236,0.39399263007241353,0.19699631503620676,0.01,3792799.469919745,0.02,5,VDD_overvoltage
-0.09778988652058429,0.8840219401735027,0.8672770000000001,-1.0693793999999999,1.9366564,0.8894142188057446,-0.012644442895886237,-1.9475419901120374,1.0549714305112883,0.3938419273783103,0.15497143051128826,0.8355759538403668,0.05324838732828484,1.0060081888446217,1.103798075365206,0.7823275665120819,0.09778988652058418,1773.804542716571,0.3800251422211264,0.1900125711105632,0.01,3631672.3932592305,0.02,5,VDD_overvoltage
-0.11403006768617019,0.9031329686711,0.8696869999999999,-1.1055945,1.9752815,0.9103032546559343,-0.014571925975344796,-1.9493693629045525,1.081247885837766,0.4022603344867972,0.18124788583776608,0.8535473794525226,0.05434436305495823,1.0241752714095747,1.1382053390957445,0.7992030163975643,0.11403006768616986,1808.19647666849,0.39588443704812226,0.19794221852406113,0.01,3807673.6541437004,0.02,5,VDD_overvoltage
-0.10866971010638295,0.8972264070893361,0.8689500000000001,-1.0939021,1.9628521,0.9037833432150896,-0.014283058805199809,-1.949321057303573,1.072752491555851,0.39964433622924245,0.17275249155585104,0.8479764698942036,0.05402275081483919,1.0183601293218085,1.1270298394281917,0.7939537190793644,0.10866971010638315,1796.5080364097269,0.39153189213734607,0.19576594606867304,0.01,3748764.2659767657,0.02,5,VDD_overvoltage
-0.10598534637873756,0.8941838110486625,0.8687450000000001,-1.0873158,1.9560608000000002,0.9004429918593021,-0.012829253526099184,-1.949925859896227,1.0675098040199336,0.3982744444267905,0.16750980401993354,0.8450817741680036,0.05388732902093474,1.014467078538206,1.1204524249169436,0.7911944451470688,0.10598534637873769,1791.3617364703275,0.391425988569418,0.195712994284709,0.01,3723839.224232071,0.02,5,VDD_overvoltage
-0.0833717385638298,0.8692340898743457,0.8652344000000001,-1.0384124,1.9036468,0.8732231958616524,-0.012743066517734278,-1.9494057727758594,1.0325225230385637,0.3874251498839871,0.1325225230385637,0.8217575528472915,0.052337617230289325,0.9907802952127659,1.0741520337765957,0.7694199356170022,0.08337173856382984,1740.9267000557752,0.37130239799366754,0.18565119899683377,0.01,3481105.147027598,0.02,5,VDD_overvoltage
-0.11785247749335107,0.9075240979547651,0.8702380000000001,-1.1136152,1.9838532,0.9151443573666019,-0.014305059020626607,-1.9502033285182652,1.0868267988031914,0.4042002856281749,0.18682679880319142,0.8576824599813483,0.054593201295779464,1.0278429457114362,1.1456954232047871,0.8030892586855688,0.11785247749335093,1816.4374800331125,0.3997727302700358,0.1998863651350179,0.01,3851663.2142760595,0.02,5,VDD_overvoltage
-0.11970804541223405,0.9093132511101034,0.8704619999999998,-1.1181342,1.9885962,0.9171589855531285,-0.015087330568883598,-1.9490550593647828,1.0904990860039896,0.40501831001779676,0.19049908600398957,0.8593953762220748,0.05466307027200873,1.0305874190159574,1.1502954644281913,0.8047323059500662,0.1197080454122339,1820.6332329893708,0.40011391014201614,0.20005695507100807,0.01,3870357.5091990414,0.02,5,VDD_overvoltage
-0.08184451728723402,0.8672530273173223,0.8648846000000001,-1.0352891,1.9001737,0.871106387533142,-0.013148950521535191,-1.9484873614497251,1.0305352399601062,0.3865891183991392,0.1305352399601062,0.8199297797329581,0.05218822260547379,0.9895566770611703,1.071401194348404,0.7677415571274844,0.08184451728723374,1737.4830559137672,0.36912438794957886,0.18456219397478943,0.01,3463259.047359717,0.02,5,VDD_overvoltage
-0.09518076830401598,0.8811026923287535,0.8669629999999999,-1.0635888,1.9305518,0.8862287137550446,-0.012307952234982957,-1.9474622105224892,1.050639424759376,0.3925762945446105,0.15063942475937597,0.8328384416303595,0.053079948437020956,1.003011812844341,1.0981925811483573,0.7797584931933386,0.09518076830401623,1768.4996577563654,0.3824072792171443,0.19120363960857215,0.01,3606124.3025128418,0.02,5,VDD_overvoltage
-0.0961657637300532,0.8834179751843942,0.8672010000000001,-1.066586,1.9337870000000001,0.8886366934764058,-0.013594697462483754,-1.9492088720620657,1.0529484472739363,0.39357243682086296,0.1529484472739363,0.8349988782942132,0.05323062201642864,1.004808476961436,1.1009742406914893,0.7817682562777846,0.09616576373005326,1769.1794029495331,0.3813830921854453,0.19069154609272265,0.01,3614353.4142289306,0.02,5,VDD_overvoltage
-0.09095933910299006,0.8771316345134377,0.866355,-1.054876,1.921231,0.8818353052777301,-0.012888639912226522,-1.9484066019179511,1.04444552641196,0.39084350845041177,0.14444552641196007,0.8291232409123829,0.052837753829007336,0.9989165177076412,1.0898758568106313,0.7762854870833755,0.09095933910299003,1758.3985250312626,0.3745941933001295,0.18729709665006475,0.01,3560198.5697025387,0.02,5,VDD_overvoltage
-0.08972953167330679,0.8753755745067243,0.866209,-1.0519101,1.9181191,0.8799623772055761,-0.012307325259076848,-1.947782283795946,1.0422308400398408,0.3900782280711117,0.14223084003984077,0.8274773163633189,0.05273293414163954,0.997323888313413,1.08705341998672,0.7747443822216793,0.08972953167330688,1756.446300637394,0.3739708559054131,0.18698542795270656,0.01,3548955.5687308065,0.02,5,VDD_overvoltage
-0.07703479963430851,0.8618230369926666,0.8640358999999999,-1.0246297,1.8886656,0.8652590984473734,-0.012866060967488017,-1.9484997700974784,1.0228405691489362,0.3842683979013203,0.12284056914893615,0.8148940952106266,0.05181502385416952,0.9842671671210108,1.0613019667553192,0.7630790713564571,0.07703479963430837,1726.6951109857907,0.36522156888979046,0.18261078444489523,0.01,3413869.3032726487,0.02,5,VDD_overvoltage
-0.09950473530585104,0.8873505106416717,0.8677569999999999,-1.0736219,1.9413789,0.8929121575408876,-0.01329672174906238,-1.9500940769827306,1.0577849348404256,0.39527957514502393,0.15778493484042555,0.83867167785513,0.05348179913843662,1.007975395013298,1.107480130319149,0.7851898787166933,0.09950473530585113,1776.4960973595175,0.38498760769879276,0.19249380384939638,0.01,3651768.455553156,0.02,5,VDD_overvoltage
-0.12679020269281915,0.9172659104449188,0.8713540000000002,-1.1330928,2.0044468,0.9259873141481109,-0.01487697347330298,-1.9501365768096355,1.1010641801861702,0.4085632634313173,0.20106418018617023,0.8669184098890788,0.05507927346543543,1.037611515724734,1.1644017184175532,0.8118391364236434,0.12679020269281915,1835.7864865907673,0.4068579173281244,0.2034289586640622,0.01,3951869.8943345435,0.02,5,VDD_overvoltage
-0.11261412782579791,0.9015362585989284,0.869508,-1.102598,1.972106,0.9085425512074374,-0.0146114749734202,-1.94914387693078,1.079132573337766,0.40155245258016525,0.1791325733377659,0.852040831203545,0.0542574863417338,1.0227679290226064,1.135382056848404,0.7977833448618112,0.11261412782579772,1805.1582590720013,0.39451045075020175,0.19725522537510087,0.01,3791733.8482940374,0.02,5,VDD_overvoltage
-0.10285256053856381,0.8907767331785584,0.868126,-1.0812168,1.9493428,0.8966949523564877,-0.014007978320891654,-1.9491915942504632,1.063559907613032,0.39680041909946073,0.16355990761303196,0.8419064275865079,0.05365952777246497,1.0120763041555851,1.1149288646941489,0.788246899814043,0.10285256053856373,1783.7878705035089,0.3867003863241885,0.19335019316209426,0.01,3685459.707444216,0.02,5,VDD_overvoltage
-0.126526103856383,0.9171023184062557,0.8713420000000001,-1.1322843,2.0036263,0.9257891322451377,-0.014519682464355824,-1.9507006120976542,1.1002810349069148,0.4084767464796445,0.20028103490691473,0.8667501969657246,0.05508548232278664,1.0369603978058508,1.163486501662234,0.811664714642938,0.1265261038563832,1835.140167473864,0.4072206041665254,0.2036103020832627,0.01,3949906.9659506306,0.02,5,VDD_overvoltage
-0.08404805970744685,0.8698551738342721,0.8653536,-1.0401501,1.9055037,0.8739062305458398,-0.01313989290265563,-1.9487266484677563,1.033980207613032,0.38769686031278017,0.13398020761303198,0.8223387981657952,0.05237348797546722,0.9918997393617021,1.0759477990691488,0.769965310190328,0.08404805970744678,1742.524136918378,0.3711761936983804,0.1855880968491902,0.01,3487016.1549818153,0.02,5,VDD_overvoltage
-0.08387185349069148,0.8690022707156125,0.865143,-1.0404948,1.9056378,0.8730403394556604,-0.014443549119902607,-1.9462888428480283,1.0349573227393618,0.3873621828097307,0.13495732273936178,0.821578176674692,0.05227742158725168,0.9929648935172872,1.0768367470079787,0.7693007550874403,0.08387185349069148,1742.126622120445,0.36860574470374036,0.18430287235187018,0.01,3480038.948724898,0.02,5,VDD_overvoltage
-0.12509461748670214,0.9155327962124757,0.8711979999999999,-1.1292801000000001,2.0004781,0.9240394819837402,-0.014542441812647097,-1.9505182457191679,1.0981543184507978,0.4077727097051522,0.19815431845079778,0.8652612599386601,0.05500788681408606,1.035549401462766,1.160644018949468,0.810253373124574,0.12509461748670203,1832.135277218432,0.4058902591193636,0.2029451295596818,0.01,3933635.1769925915,0.02,5,VDD_overvoltage
-0.08195890664893617,0.8675045119072349,0.8649352000000001,-1.035405,1.9003402,0.8713675117644099,-0.012909425202621495,-1.9489505425181615,1.03048560987367,0.38669173036701115,0.13048560987367008,0.8201586363701387,0.052211467668709786,0.9894498660571807,1.071408772706117,0.767947168701429,0.08195890664893635,1737.735747407685,0.3696844716334615,0.18484223581673076,0.01,3465402.2602214664,0.02,5,VDD_overvoltage
-0.11997360634973406,0.9098614754695511,0.8705770000000002,-1.1183843,1.9889613000000002,0.9177372013622361,-0.014546385962278773,-1.9500037855540688,1.0903666373005318,0.40523718889269256,0.19036663730053183,0.8598893099495842,0.05471882221289293,1.030322190192819,1.1502957965425533,0.8051704877366913,0.11997360634973431,1821.1864338211683,0.4012856538355025,0.20064282691775126,0.01,3875445.3081529974,0.02,5,VDD_overvoltage
-0.11026458171542557,0.8988212655811957,0.86914,-1.0976123,1.9667523,0.9055594654366218,-0.014739162065102004,-1.9486800500227566,1.0756606419547872,0.40036336971745673,0.17566064195478714,0.8494931356057904,0.05409559991503635,1.0204708335106383,1.130735415226064,0.7953975356907541,0.11026458171542575,1800.0290755432566,0.3921575413491629,0.19607877067458146,0.01,3764882.4249315746,0.02,5,VDD_overvoltage
-0.12360585210753404,0.9122974815184111,0.870781,-1.1251468,1.9959278,0.9206329895566775,-0.013319918924676556,-1.9481732837476395,1.0951759052771324,0.40637788272589365,0.19517590527713236,0.8622396987702845,0.05479752223017341,1.0333341824095585,1.1569400345170926,0.8074421765401111,0.12360585210753405,1830.3014033279007,0.3988582139107948,0.1994291069553974,0.01,3916519.5937025393,0.02,5,VDD_overvoltage
-0.07609266077127663,0.8609646168605266,0.8640638,-1.0226307,1.8866945,0.864320637558219,-0.012678067501958042,-1.948729005737224,1.021342956981383,0.38388445333385346,0.12134295698138298,0.8140808535247185,0.05177635308351118,0.9832407013297872,1.0593333621010637,0.7623045004412073,0.07609266077127641,1724.8751697827565,0.3647524181695322,0.1823762090847661,0.01,3405873.482336178,0.02,5,VDD_overvoltage
-0.10170531615691494,0.8897301979285178,0.868045,-1.0784678,1.9465128,0.8955243137070582,-0.013505339378522723,-1.949954076117452,1.061342635738032,0.3963268201481261,0.16134263573803198,0.8409098391331179,0.05361560390735899,1.0104326998005317,1.112138015957447,0.7872942352257589,0.10170531615691525,1781.2910751322086,0.38661079824394284,0.19330539912197142,0.01,3674906.411545082,0.02,5,VDD_overvoltage
-0.07682882995345744,0.8615647173443307,0.8640912000000001,-1.0244267,1.8885179,0.8649834861340613,-0.013104495523677288,-1.9480121759522964,1.022843090226064,0.38415285824360457,0.12284309022606388,0.8146485068185103,0.051803335410727964,0.9843726707114362,1.0612015006648934,0.7628451714077823,0.07682882995345719,1726.4432155922455,0.36460491904987835,0.18230245952493918,0.01,3411568.5279614097,0.02,5,VDD_overvoltage
-0.12410477885638295,0.9139980810085663,0.870951,-1.1278083,1.9987593000000001,0.9223852168277272,-0.015562737398722182,-1.948715414231008,1.0976780018617023,0.4071284384349816,0.19767800186170226,0.8638497126935596,0.0548829690084654,1.0355679698138298,1.1596727486702127,0.8089667436850942,0.12410477885638294,1830.1120005224934,0.40331844449021326,0.20165922224510663,0.01,3918700.6993221496,0.02,5,VDD_overvoltage
-0.08712940817819145,0.873149804404553,0.865726,-1.0469581000000001,1.9126841,0.8774862475852205,-0.013493412054939525,-1.9484450016832917,1.0389656719082445,0.3891253276388726,0.1389656719082445,0.8254162080446594,0.05257597453292369,0.995344330518617,1.0824737386968084,0.7728402335117357,0.08712940817819137,1749.2116280139605,0.37333321023492855,0.18666660511746427,0.01,3517768.1385430824,0.02,5,VDD_overvoltage
-0.0752921237699468,0.8601712379684117,0.8639663000000001,-1.0207614,1.8847277,0.8634601684674857,-0.012432892527033482,-1.9490966275615071,1.0199038812832448,0.3835462746319713,0.1199038812832448,0.8133449829672085,0.051724293048899916,0.9822019624335107,1.0574940862034574,0.7616206899183086,0.07529212376994676,1723.104273357706,0.3645282307372088,0.1822641153686044,0.01,3398599.331132382,0.02,5,VDD_overvoltage
-0.09094224916888298,0.877786429373617,0.8664880000000001,-1.0550020999999998,1.9214901,0.8824848487517386,-0.013013923872673038,-1.9497081743920452,1.0444255691489361,0.39111384588680403,0.14442556914893612,0.8297228295114121,0.05289598946908778,0.9988976474401596,1.0898398966090423,0.7768268400423243,0.09094224916888272,1757.7350190237682,0.37772298999077303,0.18886149499538651,0.01,3560639.461976713,0.02,5,VDD_overvoltage
-0.09812655940824468,0.8856586758967075,0.867445,-1.0706597999999998,1.9381047999999998,0.8910780615930397,-0.01344066048226034,-1.9497082468852174,1.0557455677859042,0.3945515031138879,0.1557455677859042,0.837098088726977,0.05336599335721112,1.0066251487034574,1.1047517081117022,0.7837320953697658,0.09812655940824477,1773.348191235603,0.3834601485477934,0.1917300742738967,0.01,3635733.5668350863,0.02,5,VDD_overvoltage
-0.0773799450797872,0.8618154656187809,0.8640745000000001,-1.0260312,1.8901057,0.865282354310006,-0.013853518354622554,-1.9466639765936715,1.024406775299202,0.3842787110279734,0.12440677529920208,0.814899859511406,0.05179777341479957,0.9856607250664893,1.0630406701462765,0.7631020860966065,0.07737994507978718,1727.6489345442644,0.36371218721150234,0.18185609360575117,0.01,3414292.4850801486,0.02,5,VDD_overvoltage
-0.11413317131474106,0.9024607463368253,0.8697380000000001,-1.1047577999999998,1.9744958,0.9096492617889491,-0.012885205018456303,-1.9489024318553894,1.0802235284860557,0.4019566688666809,0.18022352848605572,0.8529009315092541,0.054321970713036856,1.0231131281540504,1.1372462994687915,0.7985789607962172,0.1141331713147411,1809.671709202619,0.39478667528547134,0.19739333764273567,0.01,3812514.876033555,0.02,5,VDD_overvoltage
-0.0761275041888298,0.8609303058823918,0.8639931999999999,-1.0226612,1.8866543999999998,0.8642895281563748,-0.012716041347907115,-1.9486717461299221,1.0213835952460106,0.3838781464480792,0.12138359524601061,0.814057486150314,0.05176456596859159,0.9832639189162234,1.0593914231050532,0.7622929201817225,0.07612750418882974,1724.834845332862,0.3646942971402497,0.18234714857012485,0.01,3405654.192716228,0.02,5,VDD_overvoltage
-0.0996200136635639,0.8871471681829647,0.8676759999999999,-1.0742812,1.9419571999999998,0.89272293861947,-0.014009062684482687,-1.9488471198071566,1.0586514657579786,0.3952137993904351,0.15865146575797862,0.8385044549767889,0.05344216263507076,1.008784233011968,1.108404246675532,0.7850622923417182,0.09962001366356388,1776.7758302706127,0.38377036014011257,0.19188518007005628,0.01,3650343.742104122,0.02,5,VDD_overvoltage
